2026-07-20 18:12:48.531 [background-preinit] INFO  [TraceID: , SpanID: ]
                o.h.validator.internal.util.Version - HV000001: Hibernate Validator 8.0.2.Final
2026-07-20 18:12:48.591 [main] INFO  [TraceID: , SpanID: ]
                c.l.p.auth.AuthServiceApplication - Starting AuthServiceApplication using Java 21.0.9 with PID 26984 (C:\My-Portfolio\authentication\target\classes started by Asani in C:\My-Portfolio\authentication)
2026-07-20 18:12:48.592 [main] INFO  [TraceID: , SpanID: ]
                c.l.p.auth.AuthServiceApplication - No active profile set, falling back to 1 default profile: "default"
2026-07-20 18:12:49.476 [main] WARN  [TraceID: , SpanID: ]
                o.s.b.w.s.c.AnnotationConfigServletWebServerApplicationContext - Exception encountered during context initialization - cancelling refresh attempt: java.lang.IllegalStateException: Error processing condition on org.springdoc.core.configuration.SpringDocConfiguration.propertyCustomizingConverter
2026-07-20 18:12:49.486 [main] INFO  [TraceID: , SpanID: ]
                o.s.b.a.l.ConditionEvaluationReportLogger - 

Error starting ApplicationContext. To display the condition evaluation report re-run your application with 'debug' enabled.
2026-07-20 18:12:49.504 [main] ERROR [TraceID: , SpanID: ]
                o.s.boot.SpringApplication - Application run failed
java.lang.IllegalStateException: Error processing condition on org.springdoc.core.configuration.SpringDocConfiguration.propertyCustomizingConverter
	at org.springframework.boot.autoconfigure.condition.SpringBootCondition.matches(SpringBootCondition.java:60)
	at org.springframework.context.annotation.ConditionEvaluator.shouldSkip(ConditionEvaluator.java:99)
	at org.springframework.context.annotation.ConfigurationClassBeanDefinitionReader.loadBeanDefinitionsForBeanMethod(ConfigurationClassBeanDefinitionReader.java:184)
	at org.springframework.context.annotation.ConfigurationClassBeanDefinitionReader.loadBeanDefinitionsForConfigurationClass(ConfigurationClassBeanDefinitionReader.java:145)
	at org.springframework.context.annotation.ConfigurationClassBeanDefinitionReader.loadBeanDefinitions(ConfigurationClassBeanDefinitionReader.java:121)
	at org.springframework.context.annotation.ConfigurationClassPostProcessor.processConfigBeanDefinitions(ConfigurationClassPostProcessor.java:430)
	at org.springframework.context.annotation.ConfigurationClassPostProcessor.postProcessBeanDefinitionRegistry(ConfigurationClassPostProcessor.java:290)
	at org.springframework.context.support.PostProcessorRegistrationDelegate.invokeBeanDefinitionRegistryPostProcessors(PostProcessorRegistrationDelegate.java:349)
	at org.springframework.context.support.PostProcessorRegistrationDelegate.invokeBeanFactoryPostProcessors(PostProcessorRegistrationDelegate.java:118)
	at org.springframework.context.support.AbstractApplicationContext.invokeBeanFactoryPostProcessors(AbstractApplicationContext.java:791)
	at org.springframework.context.support.AbstractApplicationContext.refresh(AbstractApplicationContext.java:609)
	at org.springframework.boot.web.servlet.context.ServletWebServerApplicationContext.refresh(ServletWebServerApplicationContext.java:146)
	at org.springframework.boot.SpringApplication.refresh(SpringApplication.java:752)
	at org.springframework.boot.SpringApplication.refreshContext(SpringApplication.java:439)
	at org.springframework.boot.SpringApplication.run(SpringApplication.java:318)
	at org.springframework.boot.SpringApplication.run(SpringApplication.java:1361)
	at org.springframework.boot.SpringApplication.run(SpringApplication.java:1350)
	at com.laawe.purchasing.auth.AuthServiceApplication.main(AuthServiceApplication.java:10)
Caused by: java.lang.IllegalStateException: Failed to introspect Class [org.springdoc.core.configuration.SpringDocConfiguration] from ClassLoader [jdk.internal.loader.ClassLoaders$AppClassLoader@70dea4e]
	at org.springframework.util.ReflectionUtils.getDeclaredMethods(ReflectionUtils.java:483)
	at org.springframework.util.ReflectionUtils.doWithMethods(ReflectionUtils.java:360)
	at org.springframework.util.ReflectionUtils.getUniqueDeclaredMethods(ReflectionUtils.java:417)
	at org.springframework.beans.factory.support.AbstractAutowireCapableBeanFactory.lambda$getTypeForFactoryMethod$1(AbstractAutowireCapableBeanFactory.java:751)
	at java.base/java.util.concurrent.ConcurrentHashMap.computeIfAbsent(ConcurrentHashMap.java:1740)
	at org.springframework.beans.factory.support.AbstractAutowireCapableBeanFactory.getTypeForFactoryMethod(AbstractAutowireCapableBeanFactory.java:750)
	at org.springframework.beans.factory.support.AbstractAutowireCapableBeanFactory.determineTargetType(AbstractAutowireCapableBeanFactory.java:683)
	at org.springframework.beans.factory.support.AbstractAutowireCapableBeanFactory.predictBeanType(AbstractAutowireCapableBeanFactory.java:654)
	at org.springframework.beans.factory.support.AbstractBeanFactory.isFactoryBean(AbstractBeanFactory.java:1704)
	at org.springframework.beans.factory.support.DefaultListableBeanFactory.doGetBeanNamesForType(DefaultListableBeanFactory.java:618)
	at org.springframework.beans.factory.support.DefaultListableBeanFactory.getBeanNamesForType(DefaultListableBeanFactory.java:590)
	at org.springframework.boot.autoconfigure.condition.OnBeanCondition.collectBeanDefinitionsForType(OnBeanCondition.java:332)
	at org.springframework.boot.autoconfigure.condition.OnBeanCondition.getBeanDefinitionsForType(OnBeanCondition.java:324)
	at org.springframework.boot.autoconfigure.condition.OnBeanCondition.getBeanDefinitionsForType(OnBeanCondition.java:314)
	at org.springframework.boot.autoconfigure.condition.OnBeanCondition.getMatchingBeans(OnBeanCondition.java:213)
	at org.springframework.boot.autoconfigure.condition.OnBeanCondition.evaluateConditionalOnBean(OnBeanCondition.java:152)
	at org.springframework.boot.autoconfigure.condition.OnBeanCondition.getMatchOutcome(OnBeanCondition.java:127)
	at org.springframework.boot.autoconfigure.condition.SpringBootCondition.matches(SpringBootCondition.java:47)
	... 17 common frames omitted
Caused by: java.lang.NoClassDefFoundError: org/springframework/core/LocalVariableTableParameterNameDiscoverer
	at java.base/java.lang.Class.getDeclaredMethods0(Native Method)
	at java.base/java.lang.Class.privateGetDeclaredMethods(Class.java:3580)
	at java.base/java.lang.Class.getDeclaredMethods(Class.java:2678)
	at org.springframework.util.ReflectionUtils.getDeclaredMethods(ReflectionUtils.java:465)
	... 34 common frames omitted
Caused by: java.lang.ClassNotFoundException: org.springframework.core.LocalVariableTableParameterNameDiscoverer
	at java.base/jdk.internal.loader.BuiltinClassLoader.loadClass(BuiltinClassLoader.java:641)
	at java.base/jdk.internal.loader.ClassLoaders$AppClassLoader.loadClass(ClassLoaders.java:188)
	at java.base/java.lang.ClassLoader.loadClass(ClassLoader.java:526)
	... 38 common frames omitted
2026-07-20 18:16:15.745 [background-preinit] INFO  [TraceID: , SpanID: ]
                o.h.validator.internal.util.Version - HV000001: Hibernate Validator 8.0.2.Final
2026-07-20 18:16:15.800 [main] INFO  [TraceID: , SpanID: ]
                c.l.p.auth.AuthServiceApplication - Starting AuthServiceApplication using Java 21.0.9 with PID 2680 (C:\My-Portfolio\authentication\target\classes started by Asani in C:\My-Portfolio\authentication)
2026-07-20 18:16:15.801 [main] INFO  [TraceID: , SpanID: ]
                c.l.p.auth.AuthServiceApplication - No active profile set, falling back to 1 default profile: "default"
2026-07-20 18:16:16.895 [main] INFO  [TraceID: , SpanID: ]
                o.s.d.r.c.RepositoryConfigurationDelegate - Multiple Spring Data modules found, entering strict repository configuration mode
2026-07-20 18:16:16.897 [main] INFO  [TraceID: , SpanID: ]
                o.s.d.r.c.RepositoryConfigurationDelegate - Bootstrapping Spring Data JPA repositories in DEFAULT mode.
2026-07-20 18:16:17.048 [main] INFO  [TraceID: , SpanID: ]
                o.s.d.r.c.RepositoryConfigurationDelegate - Finished Spring Data repository scanning in 143 ms. Found 3 JPA repository interfaces.
2026-07-20 18:16:17.062 [main] INFO  [TraceID: , SpanID: ]
                o.s.d.r.c.RepositoryConfigurationDelegate - Multiple Spring Data modules found, entering strict repository configuration mode
2026-07-20 18:16:17.063 [main] INFO  [TraceID: , SpanID: ]
                o.s.d.r.c.RepositoryConfigurationDelegate - Bootstrapping Spring Data Redis repositories in DEFAULT mode.
2026-07-20 18:16:17.080 [main] INFO  [TraceID: , SpanID: ]
                o.s.d.r.c.RepositoryConfigurationExtensionSupport - Spring Data Redis - Could not safely identify store assignment for repository candidate interface com.laawe.purchasing.auth.repository.RoleRepository; If you want this repository to be a Redis repository, consider annotating your entities with one of these annotations: org.springframework.data.redis.core.RedisHash (preferred), or consider extending one of the following types with your repository: org.springframework.data.keyvalue.repository.KeyValueRepository
2026-07-20 18:16:17.080 [main] INFO  [TraceID: , SpanID: ]
                o.s.d.r.c.RepositoryConfigurationExtensionSupport - Spring Data Redis - Could not safely identify store assignment for repository candidate interface com.laawe.purchasing.auth.repository.UserDetailRepository; If you want this repository to be a Redis repository, consider annotating your entities with one of these annotations: org.springframework.data.redis.core.RedisHash (preferred), or consider extending one of the following types with your repository: org.springframework.data.keyvalue.repository.KeyValueRepository
2026-07-20 18:16:17.080 [main] INFO  [TraceID: , SpanID: ]
                o.s.d.r.c.RepositoryConfigurationExtensionSupport - Spring Data Redis - Could not safely identify store assignment for repository candidate interface com.laawe.purchasing.auth.repository.UserRepository; If you want this repository to be a Redis repository, consider annotating your entities with one of these annotations: org.springframework.data.redis.core.RedisHash (preferred), or consider extending one of the following types with your repository: org.springframework.data.keyvalue.repository.KeyValueRepository
2026-07-20 18:16:17.080 [main] INFO  [TraceID: , SpanID: ]
                o.s.d.r.c.RepositoryConfigurationDelegate - Finished Spring Data repository scanning in 7 ms. Found 0 Redis repository interfaces.
2026-07-20 18:16:17.869 [main] INFO  [TraceID: , SpanID: ]
                o.s.b.w.e.tomcat.TomcatWebServer - Tomcat initialized with port 8081 (http)
2026-07-20 18:16:17.882 [main] INFO  [TraceID: , SpanID: ]
                o.a.coyote.http11.Http11NioProtocol - Initializing ProtocolHandler ["http-nio-8081"]
2026-07-20 18:16:17.883 [main] INFO  [TraceID: , SpanID: ]
                o.a.catalina.core.StandardService - Starting service [Tomcat]
2026-07-20 18:16:17.884 [main] INFO  [TraceID: , SpanID: ]
                o.a.catalina.core.StandardEngine - Starting Servlet engine: [Apache Tomcat/10.1.36]
2026-07-20 18:16:17.957 [main] INFO  [TraceID: , SpanID: ]
                o.a.c.c.C.[Tomcat].[localhost].[/] - Initializing Spring embedded WebApplicationContext
2026-07-20 18:16:17.957 [main] INFO  [TraceID: , SpanID: ]
                o.s.b.w.s.c.ServletWebServerApplicationContext - Root WebApplicationContext: initialization completed in 2118 ms
2026-07-20 18:16:18.326 [main] INFO  [TraceID: , SpanID: ]
                o.h.jpa.internal.util.LogHelper - HHH000204: Processing PersistenceUnitInfo [name: default]
2026-07-20 18:16:18.376 [main] INFO  [TraceID: , SpanID: ]
                org.hibernate.Version - HHH000412: Hibernate ORM core version 6.6.8.Final
2026-07-20 18:16:18.404 [main] INFO  [TraceID: , SpanID: ]
                o.h.c.i.RegionFactoryInitiator - HHH000026: Second-level cache disabled
2026-07-20 18:16:18.659 [main] INFO  [TraceID: , SpanID: ]
                o.s.o.j.p.SpringPersistenceUnitInfo - No LoadTimeWeaver setup: ignoring JPA class transformer
2026-07-20 18:16:18.694 [main] INFO  [TraceID: , SpanID: ]
                com.zaxxer.hikari.HikariDataSource - HikariPool-1 - Starting...
2026-07-20 18:16:18.897 [main] INFO  [TraceID: , SpanID: ]
                com.zaxxer.hikari.pool.HikariPool - HikariPool-1 - Added connection org.postgresql.jdbc.PgConnection@19c24321
2026-07-20 18:16:18.898 [main] INFO  [TraceID: , SpanID: ]
                com.zaxxer.hikari.HikariDataSource - HikariPool-1 - Start completed.
2026-07-20 18:16:18.979 [main] INFO  [TraceID: , SpanID: ]
                o.hibernate.orm.connections.pooling - HHH10001005: Database info:
	Database JDBC URL [Connecting through datasource 'HikariDataSource (HikariPool-1)']
	Database driver: undefined/unknown
	Database version: 16.14
	Autocommit mode: undefined/unknown
	Isolation level: undefined/unknown
	Minimum pool size: undefined/unknown
	Maximum pool size: undefined/unknown
2026-07-20 18:16:19.871 [main] INFO  [TraceID: , SpanID: ]
                o.h.e.t.j.p.i.JtaPlatformInitiator - HHH000489: No JTA platform available (set 'hibernate.transaction.jta.platform' to enable JTA platform integration)
2026-07-20 18:16:20.140 [main] INFO  [TraceID: , SpanID: ]
                o.s.o.j.LocalContainerEntityManagerFactoryBean - Initialized JPA EntityManagerFactory for persistence unit 'default'
2026-07-20 18:16:20.446 [main] INFO  [TraceID: , SpanID: ]
                o.s.d.j.r.query.QueryEnhancerFactory - Hibernate is in classpath; If applicable, HQL parser will be used.
2026-07-20 18:16:21.361 [main] WARN  [TraceID: , SpanID: ]
                o.s.b.a.o.j.JpaBaseConfiguration$JpaWebConfiguration - spring.jpa.open-in-view is enabled by default. Therefore, database queries may be performed during view rendering. Explicitly configure spring.jpa.open-in-view to disable this warning
2026-07-20 18:16:21.733 [main] INFO  [TraceID: , SpanID: ]
                o.s.b.a.e.web.EndpointLinksResolver - Exposing 1 endpoint beneath base path '/actuator'
2026-07-20 18:16:22.313 [main] INFO  [TraceID: , SpanID: ]
                o.a.coyote.http11.Http11NioProtocol - Starting ProtocolHandler ["http-nio-8081"]
2026-07-20 18:16:22.336 [main] INFO  [TraceID: , SpanID: ]
                o.s.b.w.e.tomcat.TomcatWebServer - Tomcat started on port 8081 (http) with context path '/'
2026-07-20 18:16:22.349 [main] INFO  [TraceID: , SpanID: ]
                c.l.p.auth.AuthServiceApplication - Started AuthServiceApplication in 7.062 seconds (process running for 7.437)
2026-07-20 18:17:47.711 [http-nio-8081-exec-7] INFO  [TraceID: , SpanID: ]
                o.a.c.c.C.[Tomcat].[localhost].[/] - Initializing Spring DispatcherServlet 'dispatcherServlet'
2026-07-20 18:17:47.711 [http-nio-8081-exec-7] INFO  [TraceID: , SpanID: ]
                o.s.web.servlet.DispatcherServlet - Initializing Servlet 'dispatcherServlet'
2026-07-20 18:17:47.713 [http-nio-8081-exec-7] INFO  [TraceID: , SpanID: ]
                o.s.web.servlet.DispatcherServlet - Completed initialization in 2 ms
2026-07-20 18:23:58.730 [background-preinit] INFO  [TraceID: , SpanID: ]
                o.h.validator.internal.util.Version - HV000001: Hibernate Validator 8.0.2.Final
2026-07-20 18:23:58.772 [main] INFO  [TraceID: , SpanID: ]
                c.l.p.auth.AuthServiceApplication - Starting AuthServiceApplication using Java 21.0.9 with PID 41656 (C:\My-Portfolio\authentication\target\classes started by Asani in C:\My-Portfolio\authentication)
2026-07-20 18:23:58.772 [main] INFO  [TraceID: , SpanID: ]
                c.l.p.auth.AuthServiceApplication - No active profile set, falling back to 1 default profile: "default"
2026-07-20 18:23:59.832 [main] INFO  [TraceID: , SpanID: ]
                o.s.d.r.c.RepositoryConfigurationDelegate - Multiple Spring Data modules found, entering strict repository configuration mode
2026-07-20 18:23:59.834 [main] INFO  [TraceID: , SpanID: ]
                o.s.d.r.c.RepositoryConfigurationDelegate - Bootstrapping Spring Data JPA repositories in DEFAULT mode.
2026-07-20 18:24:00.011 [main] INFO  [TraceID: , SpanID: ]
                o.s.d.r.c.RepositoryConfigurationDelegate - Finished Spring Data repository scanning in 132 ms. Found 3 JPA repository interfaces.
2026-07-20 18:24:00.026 [main] INFO  [TraceID: , SpanID: ]
                o.s.d.r.c.RepositoryConfigurationDelegate - Multiple Spring Data modules found, entering strict repository configuration mode
2026-07-20 18:24:00.028 [main] INFO  [TraceID: , SpanID: ]
                o.s.d.r.c.RepositoryConfigurationDelegate - Bootstrapping Spring Data Redis repositories in DEFAULT mode.
2026-07-20 18:24:00.046 [main] INFO  [TraceID: , SpanID: ]
                o.s.d.r.c.RepositoryConfigurationExtensionSupport - Spring Data Redis - Could not safely identify store assignment for repository candidate interface com.laawe.purchasing.auth.repository.RoleRepository; If you want this repository to be a Redis repository, consider annotating your entities with one of these annotations: org.springframework.data.redis.core.RedisHash (preferred), or consider extending one of the following types with your repository: org.springframework.data.keyvalue.repository.KeyValueRepository
2026-07-20 18:24:00.046 [main] INFO  [TraceID: , SpanID: ]
                o.s.d.r.c.RepositoryConfigurationExtensionSupport - Spring Data Redis - Could not safely identify store assignment for repository candidate interface com.laawe.purchasing.auth.repository.UserDetailRepository; If you want this repository to be a Redis repository, consider annotating your entities with one of these annotations: org.springframework.data.redis.core.RedisHash (preferred), or consider extending one of the following types with your repository: org.springframework.data.keyvalue.repository.KeyValueRepository
2026-07-20 18:24:00.046 [main] INFO  [TraceID: , SpanID: ]
                o.s.d.r.c.RepositoryConfigurationExtensionSupport - Spring Data Redis - Could not safely identify store assignment for repository candidate interface com.laawe.purchasing.auth.repository.UserRepository; If you want this repository to be a Redis repository, consider annotating your entities with one of these annotations: org.springframework.data.redis.core.RedisHash (preferred), or consider extending one of the following types with your repository: org.springframework.data.keyvalue.repository.KeyValueRepository
2026-07-20 18:24:00.046 [main] INFO  [TraceID: , SpanID: ]
                o.s.d.r.c.RepositoryConfigurationDelegate - Finished Spring Data repository scanning in 10 ms. Found 0 Redis repository interfaces.
2026-07-20 18:24:00.877 [main] INFO  [TraceID: , SpanID: ]
                o.s.b.w.e.tomcat.TomcatWebServer - Tomcat initialized with port 8081 (http)
2026-07-20 18:24:00.888 [main] INFO  [TraceID: , SpanID: ]
                o.a.coyote.http11.Http11NioProtocol - Initializing ProtocolHandler ["http-nio-8081"]
2026-07-20 18:24:00.890 [main] INFO  [TraceID: , SpanID: ]
                o.a.catalina.core.StandardService - Starting service [Tomcat]
2026-07-20 18:24:00.891 [main] INFO  [TraceID: , SpanID: ]
                o.a.catalina.core.StandardEngine - Starting Servlet engine: [Apache Tomcat/10.1.36]
2026-07-20 18:24:00.957 [main] INFO  [TraceID: , SpanID: ]
                o.a.c.c.C.[Tomcat].[localhost].[/] - Initializing Spring embedded WebApplicationContext
2026-07-20 18:24:00.957 [main] INFO  [TraceID: , SpanID: ]
                o.s.b.w.s.c.ServletWebServerApplicationContext - Root WebApplicationContext: initialization completed in 2150 ms
2026-07-20 18:24:01.374 [main] INFO  [TraceID: , SpanID: ]
                o.h.jpa.internal.util.LogHelper - HHH000204: Processing PersistenceUnitInfo [name: default]
2026-07-20 18:24:01.431 [main] INFO  [TraceID: , SpanID: ]
                org.hibernate.Version - HHH000412: Hibernate ORM core version 6.6.8.Final
2026-07-20 18:24:01.462 [main] INFO  [TraceID: , SpanID: ]
                o.h.c.i.RegionFactoryInitiator - HHH000026: Second-level cache disabled
2026-07-20 18:24:01.696 [main] INFO  [TraceID: , SpanID: ]
                o.s.o.j.p.SpringPersistenceUnitInfo - No LoadTimeWeaver setup: ignoring JPA class transformer
2026-07-20 18:24:01.721 [main] INFO  [TraceID: , SpanID: ]
                com.zaxxer.hikari.HikariDataSource - HikariPool-1 - Starting...
2026-07-20 18:24:01.869 [main] INFO  [TraceID: , SpanID: ]
                com.zaxxer.hikari.pool.HikariPool - HikariPool-1 - Added connection org.postgresql.jdbc.PgConnection@244268a8
2026-07-20 18:24:01.871 [main] INFO  [TraceID: , SpanID: ]
                com.zaxxer.hikari.HikariDataSource - HikariPool-1 - Start completed.
2026-07-20 18:24:01.955 [main] INFO  [TraceID: , SpanID: ]
                o.hibernate.orm.connections.pooling - HHH10001005: Database info:
	Database JDBC URL [Connecting through datasource 'HikariDataSource (HikariPool-1)']
	Database driver: undefined/unknown
	Database version: 16.14
	Autocommit mode: undefined/unknown
	Isolation level: undefined/unknown
	Minimum pool size: undefined/unknown
	Maximum pool size: undefined/unknown
2026-07-20 18:24:02.887 [main] INFO  [TraceID: , SpanID: ]
                o.h.e.t.j.p.i.JtaPlatformInitiator - HHH000489: No JTA platform available (set 'hibernate.transaction.jta.platform' to enable JTA platform integration)
2026-07-20 18:24:03.173 [main] INFO  [TraceID: , SpanID: ]
                o.s.o.j.LocalContainerEntityManagerFactoryBean - Initialized JPA EntityManagerFactory for persistence unit 'default'
2026-07-20 18:24:03.479 [main] INFO  [TraceID: , SpanID: ]
                o.s.d.j.r.query.QueryEnhancerFactory - Hibernate is in classpath; If applicable, HQL parser will be used.
2026-07-20 18:24:04.418 [main] WARN  [TraceID: , SpanID: ]
                o.s.b.a.o.j.JpaBaseConfiguration$JpaWebConfiguration - spring.jpa.open-in-view is enabled by default. Therefore, database queries may be performed during view rendering. Explicitly configure spring.jpa.open-in-view to disable this warning
2026-07-20 18:24:04.807 [main] INFO  [TraceID: , SpanID: ]
                o.s.b.a.e.web.EndpointLinksResolver - Exposing 1 endpoint beneath base path '/actuator'
2026-07-20 18:24:05.433 [main] INFO  [TraceID: , SpanID: ]
                o.a.coyote.http11.Http11NioProtocol - Starting ProtocolHandler ["http-nio-8081"]
2026-07-20 18:24:05.504 [main] INFO  [TraceID: , SpanID: ]
                o.s.b.w.e.tomcat.TomcatWebServer - Tomcat started on port 8081 (http) with context path '/'
2026-07-20 18:24:05.518 [main] INFO  [TraceID: , SpanID: ]
                c.l.p.auth.AuthServiceApplication - Started AuthServiceApplication in 7.277 seconds (process running for 7.772)
2026-07-20 18:24:11.959 [http-nio-8081-exec-1] INFO  [TraceID: , SpanID: ]
                o.a.c.c.C.[Tomcat].[localhost].[/] - Initializing Spring DispatcherServlet 'dispatcherServlet'
2026-07-20 18:24:11.960 [http-nio-8081-exec-1] INFO  [TraceID: , SpanID: ]
                o.s.web.servlet.DispatcherServlet - Initializing Servlet 'dispatcherServlet'
2026-07-20 18:24:11.962 [http-nio-8081-exec-1] INFO  [TraceID: , SpanID: ]
                o.s.web.servlet.DispatcherServlet - Completed initialization in 2 ms
2026-07-20 18:24:12.150 [http-nio-8081-exec-1] INFO  [TraceID: 6a5e055b420eb576a1310709f22a0dcc, SpanID: c73104ad8beb0939]
                c.l.p.a.service.impl.AuthServiceImpl - RECEIVE REQUEST LOGIN FOR IDENTIFIER admin@laawe.com
2026-07-20 18:24:12.868 [http-nio-8081-exec-1] INFO  [TraceID: 6a5e055b420eb576a1310709f22a0dcc, SpanID: c73104ad8beb0939]
                c.l.p.a.service.impl.AuthServiceImpl - SUCCESS LOGIN FOR IDENTIFIER admin@laawe.com
2026-07-20 18:25:27.901 [background-preinit] INFO  [TraceID: , SpanID: ]
                o.h.validator.internal.util.Version - HV000001: Hibernate Validator 8.0.2.Final
2026-07-20 18:25:27.946 [main] INFO  [TraceID: , SpanID: ]
                c.l.p.auth.AuthServiceApplication - Starting AuthServiceApplication using Java 21.0.9 with PID 30020 (C:\My-Portfolio\authentication\target\classes started by Asani in C:\My-Portfolio\authentication)
2026-07-20 18:25:27.947 [main] INFO  [TraceID: , SpanID: ]
                c.l.p.auth.AuthServiceApplication - No active profile set, falling back to 1 default profile: "default"
2026-07-20 18:25:29.007 [main] INFO  [TraceID: , SpanID: ]
                o.s.d.r.c.RepositoryConfigurationDelegate - Multiple Spring Data modules found, entering strict repository configuration mode
2026-07-20 18:25:29.009 [main] INFO  [TraceID: , SpanID: ]
                o.s.d.r.c.RepositoryConfigurationDelegate - Bootstrapping Spring Data JPA repositories in DEFAULT mode.
2026-07-20 18:25:29.153 [main] INFO  [TraceID: , SpanID: ]
                o.s.d.r.c.RepositoryConfigurationDelegate - Finished Spring Data repository scanning in 134 ms. Found 3 JPA repository interfaces.
2026-07-20 18:25:29.169 [main] INFO  [TraceID: , SpanID: ]
                o.s.d.r.c.RepositoryConfigurationDelegate - Multiple Spring Data modules found, entering strict repository configuration mode
2026-07-20 18:25:29.170 [main] INFO  [TraceID: , SpanID: ]
                o.s.d.r.c.RepositoryConfigurationDelegate - Bootstrapping Spring Data Redis repositories in DEFAULT mode.
2026-07-20 18:25:29.188 [main] INFO  [TraceID: , SpanID: ]
                o.s.d.r.c.RepositoryConfigurationExtensionSupport - Spring Data Redis - Could not safely identify store assignment for repository candidate interface com.laawe.purchasing.auth.repository.RoleRepository; If you want this repository to be a Redis repository, consider annotating your entities with one of these annotations: org.springframework.data.redis.core.RedisHash (preferred), or consider extending one of the following types with your repository: org.springframework.data.keyvalue.repository.KeyValueRepository
2026-07-20 18:25:29.188 [main] INFO  [TraceID: , SpanID: ]
                o.s.d.r.c.RepositoryConfigurationExtensionSupport - Spring Data Redis - Could not safely identify store assignment for repository candidate interface com.laawe.purchasing.auth.repository.UserDetailRepository; If you want this repository to be a Redis repository, consider annotating your entities with one of these annotations: org.springframework.data.redis.core.RedisHash (preferred), or consider extending one of the following types with your repository: org.springframework.data.keyvalue.repository.KeyValueRepository
2026-07-20 18:25:29.188 [main] INFO  [TraceID: , SpanID: ]
                o.s.d.r.c.RepositoryConfigurationExtensionSupport - Spring Data Redis - Could not safely identify store assignment for repository candidate interface com.laawe.purchasing.auth.repository.UserRepository; If you want this repository to be a Redis repository, consider annotating your entities with one of these annotations: org.springframework.data.redis.core.RedisHash (preferred), or consider extending one of the following types with your repository: org.springframework.data.keyvalue.repository.KeyValueRepository
2026-07-20 18:25:29.188 [main] INFO  [TraceID: , SpanID: ]
                o.s.d.r.c.RepositoryConfigurationDelegate - Finished Spring Data repository scanning in 9 ms. Found 0 Redis repository interfaces.
2026-07-20 18:25:29.938 [main] INFO  [TraceID: , SpanID: ]
                o.s.b.w.e.tomcat.TomcatWebServer - Tomcat initialized with port 8081 (http)
2026-07-20 18:25:29.950 [main] INFO  [TraceID: , SpanID: ]
                o.a.coyote.http11.Http11NioProtocol - Initializing ProtocolHandler ["http-nio-8081"]
2026-07-20 18:25:29.953 [main] INFO  [TraceID: , SpanID: ]
                o.a.catalina.core.StandardService - Starting service [Tomcat]
2026-07-20 18:25:29.953 [main] INFO  [TraceID: , SpanID: ]
                o.a.catalina.core.StandardEngine - Starting Servlet engine: [Apache Tomcat/10.1.36]
2026-07-20 18:25:30.021 [main] INFO  [TraceID: , SpanID: ]
                o.a.c.c.C.[Tomcat].[localhost].[/] - Initializing Spring embedded WebApplicationContext
2026-07-20 18:25:30.021 [main] INFO  [TraceID: , SpanID: ]
                o.s.b.w.s.c.ServletWebServerApplicationContext - Root WebApplicationContext: initialization completed in 2038 ms
2026-07-20 18:25:30.450 [main] INFO  [TraceID: , SpanID: ]
                o.h.jpa.internal.util.LogHelper - HHH000204: Processing PersistenceUnitInfo [name: default]
2026-07-20 18:25:30.496 [main] INFO  [TraceID: , SpanID: ]
                org.hibernate.Version - HHH000412: Hibernate ORM core version 6.6.8.Final
2026-07-20 18:25:30.525 [main] INFO  [TraceID: , SpanID: ]
                o.h.c.i.RegionFactoryInitiator - HHH000026: Second-level cache disabled
2026-07-20 18:25:30.774 [main] INFO  [TraceID: , SpanID: ]
                o.s.o.j.p.SpringPersistenceUnitInfo - No LoadTimeWeaver setup: ignoring JPA class transformer
2026-07-20 18:25:30.797 [main] INFO  [TraceID: , SpanID: ]
                com.zaxxer.hikari.HikariDataSource - HikariPool-1 - Starting...
2026-07-20 18:25:30.981 [main] INFO  [TraceID: , SpanID: ]
                com.zaxxer.hikari.pool.HikariPool - HikariPool-1 - Added connection org.postgresql.jdbc.PgConnection@2d5d001f
2026-07-20 18:25:30.982 [main] INFO  [TraceID: , SpanID: ]
                com.zaxxer.hikari.HikariDataSource - HikariPool-1 - Start completed.
2026-07-20 18:25:31.049 [main] INFO  [TraceID: , SpanID: ]
                o.hibernate.orm.connections.pooling - HHH10001005: Database info:
	Database JDBC URL [Connecting through datasource 'HikariDataSource (HikariPool-1)']
	Database driver: undefined/unknown
	Database version: 16.14
	Autocommit mode: undefined/unknown
	Isolation level: undefined/unknown
	Minimum pool size: undefined/unknown
	Maximum pool size: undefined/unknown
2026-07-20 18:25:31.918 [main] INFO  [TraceID: , SpanID: ]
                o.h.e.t.j.p.i.JtaPlatformInitiator - HHH000489: No JTA platform available (set 'hibernate.transaction.jta.platform' to enable JTA platform integration)
2026-07-20 18:25:32.209 [main] INFO  [TraceID: , SpanID: ]
                o.s.o.j.LocalContainerEntityManagerFactoryBean - Initialized JPA EntityManagerFactory for persistence unit 'default'
2026-07-20 18:25:32.503 [main] INFO  [TraceID: , SpanID: ]
                o.s.d.j.r.query.QueryEnhancerFactory - Hibernate is in classpath; If applicable, HQL parser will be used.
2026-07-20 18:25:33.666 [main] WARN  [TraceID: , SpanID: ]
                o.s.b.a.o.j.JpaBaseConfiguration$JpaWebConfiguration - spring.jpa.open-in-view is enabled by default. Therefore, database queries may be performed during view rendering. Explicitly configure spring.jpa.open-in-view to disable this warning
2026-07-20 18:25:34.099 [main] INFO  [TraceID: , SpanID: ]
                o.s.b.a.e.web.EndpointLinksResolver - Exposing 1 endpoint beneath base path '/actuator'
2026-07-20 18:25:34.746 [main] INFO  [TraceID: , SpanID: ]
                o.a.coyote.http11.Http11NioProtocol - Starting ProtocolHandler ["http-nio-8081"]
2026-07-20 18:25:34.766 [main] INFO  [TraceID: , SpanID: ]
                o.s.b.w.e.tomcat.TomcatWebServer - Tomcat started on port 8081 (http) with context path '/'
2026-07-20 18:25:34.782 [main] INFO  [TraceID: , SpanID: ]
                c.l.p.auth.AuthServiceApplication - Started AuthServiceApplication in 7.338 seconds (process running for 7.718)
2026-07-20 18:25:39.223 [http-nio-8081-exec-1] INFO  [TraceID: , SpanID: ]
                o.a.c.c.C.[Tomcat].[localhost].[/] - Initializing Spring DispatcherServlet 'dispatcherServlet'
2026-07-20 18:25:39.223 [http-nio-8081-exec-1] INFO  [TraceID: , SpanID: ]
                o.s.web.servlet.DispatcherServlet - Initializing Servlet 'dispatcherServlet'
2026-07-20 18:25:39.226 [http-nio-8081-exec-1] INFO  [TraceID: , SpanID: ]
                o.s.web.servlet.DispatcherServlet - Completed initialization in 2 ms
2026-07-20 18:25:39.401 [http-nio-8081-exec-1] INFO  [TraceID: 6a5e05b35936178a0e0f3b4094de8bf0, SpanID: c5955a7f7540ba08]
                c.l.p.a.service.impl.AuthServiceImpl - RECEIVE REQUEST LOGIN FOR IDENTIFIER admin@laawe.com
2026-07-20 18:25:39.458 [http-nio-8081-exec-1] DEBUG [TraceID: 6a5e05b35936178a0e0f3b4094de8bf0, SpanID: c5955a7f7540ba08]
                org.hibernate.SQL - select mu1_0.user_id,mu1_0.user_created_at,mu1_0.user_email,mu1_0.user_employee_id,mu1_0.user_full_name,mu1_0.user_idf,mu1_0.user_is_admin,mu1_0.user_password_hash,mu1_0.user_phone_number,mu1_0.user_role_id,mu1_0.user_status,mu1_0.user_username from public.m_user mu1_0 where mu1_0.user_username=? or mu1_0.user_email=? or mu1_0.user_phone_number=?
2026-07-20 18:25:39.520 [http-nio-8081-exec-1] DEBUG [TraceID: 6a5e05b35936178a0e0f3b4094de8bf0, SpanID: c5955a7f7540ba08]
                org.hibernate.SQL - select mr1_0.role_id,mr1_0.role_description,mr1_0.role_idf,mr1_0.role_name from public.m_role mr1_0 where mr1_0.role_id=?
2026-07-20 18:25:40.066 [http-nio-8081-exec-1] INFO  [TraceID: 6a5e05b35936178a0e0f3b4094de8bf0, SpanID: c5955a7f7540ba08]
                c.l.p.a.service.impl.AuthServiceImpl - SUCCESS LOGIN FOR IDENTIFIER admin@laawe.com
2026-07-20 18:29:25.094 [http-nio-8081-exec-2] DEBUG [TraceID: 6a5e0694b1e74978e6297ff3ea9fa868, SpanID: 606f93d7fe705005]
                org.hibernate.SQL - select mu1_0.user_id,mu1_0.user_created_at,mu1_0.user_email,mu1_0.user_employee_id,mu1_0.user_full_name,mu1_0.user_idf,mu1_0.user_is_admin,mu1_0.user_password_hash,mu1_0.user_phone_number,mu1_0.user_role_id,mu1_0.user_status,mu1_0.user_username from public.m_user mu1_0 where mu1_0.user_idf=?
2026-07-20 18:29:25.100 [http-nio-8081-exec-2] DEBUG [TraceID: 6a5e0694b1e74978e6297ff3ea9fa868, SpanID: 606f93d7fe705005]
                org.hibernate.SQL - select mr1_0.role_id,mr1_0.role_description,mr1_0.role_idf,mr1_0.role_name from public.m_role mr1_0 where mr1_0.role_id=?
2026-07-20 18:29:25.110 [http-nio-8081-exec-2] DEBUG [TraceID: 6a5e0694b1e74978e6297ff3ea9fa868, SpanID: 606f93d7fe705005]
                org.hibernate.SQL - select mud1_0.user_detail_id,mud1_0.user_id,mud1_0.user_avatar,mud1_0.user_detail_created_at,mud1_0.user_detail_department_name,mud1_0.user_detail_idf,mud1_0.user_detail_updated_at,mud1_0.user_office_location from public.m_user_detail mud1_0 where mud1_0.user_id=?
2026-07-20 18:31:14.946 [background-preinit] INFO  [TraceID: , SpanID: ]
                o.h.validator.internal.util.Version - HV000001: Hibernate Validator 8.0.2.Final
2026-07-20 18:31:14.989 [main] INFO  [TraceID: , SpanID: ]
                c.l.p.auth.AuthServiceApplication - Starting AuthServiceApplication using Java 21.0.9 with PID 11088 (C:\My-Portfolio\authentication\target\classes started by Asani in C:\My-Portfolio\authentication)
2026-07-20 18:31:14.990 [main] INFO  [TraceID: , SpanID: ]
                c.l.p.auth.AuthServiceApplication - No active profile set, falling back to 1 default profile: "default"
2026-07-20 18:31:15.972 [main] INFO  [TraceID: , SpanID: ]
                o.s.d.r.c.RepositoryConfigurationDelegate - Multiple Spring Data modules found, entering strict repository configuration mode
2026-07-20 18:31:15.974 [main] INFO  [TraceID: , SpanID: ]
                o.s.d.r.c.RepositoryConfigurationDelegate - Bootstrapping Spring Data JPA repositories in DEFAULT mode.
2026-07-20 18:31:16.131 [main] INFO  [TraceID: , SpanID: ]
                o.s.d.r.c.RepositoryConfigurationDelegate - Finished Spring Data repository scanning in 150 ms. Found 3 JPA repository interfaces.
2026-07-20 18:31:16.147 [main] INFO  [TraceID: , SpanID: ]
                o.s.d.r.c.RepositoryConfigurationDelegate - Multiple Spring Data modules found, entering strict repository configuration mode
2026-07-20 18:31:16.148 [main] INFO  [TraceID: , SpanID: ]
                o.s.d.r.c.RepositoryConfigurationDelegate - Bootstrapping Spring Data Redis repositories in DEFAULT mode.
2026-07-20 18:31:16.166 [main] INFO  [TraceID: , SpanID: ]
                o.s.d.r.c.RepositoryConfigurationExtensionSupport - Spring Data Redis - Could not safely identify store assignment for repository candidate interface com.laawe.purchasing.auth.repository.RoleRepository; If you want this repository to be a Redis repository, consider annotating your entities with one of these annotations: org.springframework.data.redis.core.RedisHash (preferred), or consider extending one of the following types with your repository: org.springframework.data.keyvalue.repository.KeyValueRepository
2026-07-20 18:31:16.167 [main] INFO  [TraceID: , SpanID: ]
                o.s.d.r.c.RepositoryConfigurationExtensionSupport - Spring Data Redis - Could not safely identify store assignment for repository candidate interface com.laawe.purchasing.auth.repository.UserDetailRepository; If you want this repository to be a Redis repository, consider annotating your entities with one of these annotations: org.springframework.data.redis.core.RedisHash (preferred), or consider extending one of the following types with your repository: org.springframework.data.keyvalue.repository.KeyValueRepository
2026-07-20 18:31:16.167 [main] INFO  [TraceID: , SpanID: ]
                o.s.d.r.c.RepositoryConfigurationExtensionSupport - Spring Data Redis - Could not safely identify store assignment for repository candidate interface com.laawe.purchasing.auth.repository.UserRepository; If you want this repository to be a Redis repository, consider annotating your entities with one of these annotations: org.springframework.data.redis.core.RedisHash (preferred), or consider extending one of the following types with your repository: org.springframework.data.keyvalue.repository.KeyValueRepository
2026-07-20 18:31:16.167 [main] INFO  [TraceID: , SpanID: ]
                o.s.d.r.c.RepositoryConfigurationDelegate - Finished Spring Data repository scanning in 8 ms. Found 0 Redis repository interfaces.
2026-07-20 18:31:16.831 [main] INFO  [TraceID: , SpanID: ]
                o.s.b.w.e.tomcat.TomcatWebServer - Tomcat initialized with port 8081 (http)
2026-07-20 18:31:16.841 [main] INFO  [TraceID: , SpanID: ]
                o.a.coyote.http11.Http11NioProtocol - Initializing ProtocolHandler ["http-nio-8081"]
2026-07-20 18:31:16.842 [main] INFO  [TraceID: , SpanID: ]
                o.a.catalina.core.StandardService - Starting service [Tomcat]
2026-07-20 18:31:16.842 [main] INFO  [TraceID: , SpanID: ]
                o.a.catalina.core.StandardEngine - Starting Servlet engine: [Apache Tomcat/10.1.36]
2026-07-20 18:31:16.899 [main] INFO  [TraceID: , SpanID: ]
                o.a.c.c.C.[Tomcat].[localhost].[/] - Initializing Spring embedded WebApplicationContext
2026-07-20 18:31:16.900 [main] INFO  [TraceID: , SpanID: ]
                o.s.b.w.s.c.ServletWebServerApplicationContext - Root WebApplicationContext: initialization completed in 1874 ms
2026-07-20 18:31:17.263 [main] INFO  [TraceID: , SpanID: ]
                o.h.jpa.internal.util.LogHelper - HHH000204: Processing PersistenceUnitInfo [name: default]
2026-07-20 18:31:17.305 [main] INFO  [TraceID: , SpanID: ]
                org.hibernate.Version - HHH000412: Hibernate ORM core version 6.6.8.Final
2026-07-20 18:31:17.330 [main] INFO  [TraceID: , SpanID: ]
                o.h.c.i.RegionFactoryInitiator - HHH000026: Second-level cache disabled
2026-07-20 18:31:17.560 [main] INFO  [TraceID: , SpanID: ]
                o.s.o.j.p.SpringPersistenceUnitInfo - No LoadTimeWeaver setup: ignoring JPA class transformer
2026-07-20 18:31:17.593 [main] INFO  [TraceID: , SpanID: ]
                com.zaxxer.hikari.HikariDataSource - HikariPool-1 - Starting...
2026-07-20 18:31:17.748 [main] INFO  [TraceID: , SpanID: ]
                com.zaxxer.hikari.pool.HikariPool - HikariPool-1 - Added connection org.postgresql.jdbc.PgConnection@177302d6
2026-07-20 18:31:17.750 [main] INFO  [TraceID: , SpanID: ]
                com.zaxxer.hikari.HikariDataSource - HikariPool-1 - Start completed.
2026-07-20 18:31:17.825 [main] INFO  [TraceID: , SpanID: ]
                o.hibernate.orm.connections.pooling - HHH10001005: Database info:
	Database JDBC URL [Connecting through datasource 'HikariDataSource (HikariPool-1)']
	Database driver: undefined/unknown
	Database version: 16.14
	Autocommit mode: undefined/unknown
	Isolation level: undefined/unknown
	Minimum pool size: undefined/unknown
	Maximum pool size: undefined/unknown
2026-07-20 18:31:18.629 [main] INFO  [TraceID: , SpanID: ]
                o.h.e.t.j.p.i.JtaPlatformInitiator - HHH000489: No JTA platform available (set 'hibernate.transaction.jta.platform' to enable JTA platform integration)
2026-07-20 18:31:18.856 [main] INFO  [TraceID: , SpanID: ]
                o.s.o.j.LocalContainerEntityManagerFactoryBean - Initialized JPA EntityManagerFactory for persistence unit 'default'
2026-07-20 18:31:19.131 [main] INFO  [TraceID: , SpanID: ]
                o.s.d.j.r.query.QueryEnhancerFactory - Hibernate is in classpath; If applicable, HQL parser will be used.
2026-07-20 18:31:19.981 [main] WARN  [TraceID: , SpanID: ]
                o.s.b.a.o.j.JpaBaseConfiguration$JpaWebConfiguration - spring.jpa.open-in-view is enabled by default. Therefore, database queries may be performed during view rendering. Explicitly configure spring.jpa.open-in-view to disable this warning
2026-07-20 18:31:20.340 [main] INFO  [TraceID: , SpanID: ]
                o.s.b.a.e.web.EndpointLinksResolver - Exposing 1 endpoint beneath base path '/actuator'
2026-07-20 18:31:20.874 [main] INFO  [TraceID: , SpanID: ]
                o.a.coyote.http11.Http11NioProtocol - Starting ProtocolHandler ["http-nio-8081"]
2026-07-20 18:31:20.894 [main] INFO  [TraceID: , SpanID: ]
                o.s.b.w.e.tomcat.TomcatWebServer - Tomcat started on port 8081 (http) with context path '/'
2026-07-20 18:31:20.907 [main] INFO  [TraceID: , SpanID: ]
                c.l.p.auth.AuthServiceApplication - Started AuthServiceApplication in 6.403 seconds (process running for 6.768)
2026-07-20 18:31:34.721 [http-nio-8081-exec-1] INFO  [TraceID: , SpanID: ]
                o.a.c.c.C.[Tomcat].[localhost].[/] - Initializing Spring DispatcherServlet 'dispatcherServlet'
2026-07-20 18:31:34.721 [http-nio-8081-exec-1] INFO  [TraceID: , SpanID: ]
                o.s.web.servlet.DispatcherServlet - Initializing Servlet 'dispatcherServlet'
2026-07-20 18:31:34.723 [http-nio-8081-exec-1] INFO  [TraceID: , SpanID: ]
                o.s.web.servlet.DispatcherServlet - Completed initialization in 2 ms
2026-07-20 18:31:34.791 [http-nio-8081-exec-1] INFO  [TraceID: 6a5e0716d679460bf4b5cbd98520d53e, SpanID: 2f096b509da066e9]
                c.l.p.a.s.impl.AdminUserServiceImpl - RECEIVE THE REQUEST TO GET PROFILE bf84949f-28a5-47e7-8408-f09019b8ebb2
2026-07-20 18:31:34.853 [http-nio-8081-exec-1] DEBUG [TraceID: 6a5e0716d679460bf4b5cbd98520d53e, SpanID: 2f096b509da066e9]
                org.hibernate.SQL - select mu1_0.user_id,mu1_0.user_created_at,mu1_0.user_email,mu1_0.user_employee_id,mu1_0.user_full_name,mu1_0.user_idf,mu1_0.user_is_admin,mu1_0.user_password_hash,mu1_0.user_phone_number,mu1_0.user_role_id,mu1_0.user_status,mu1_0.user_username from public.m_user mu1_0 where mu1_0.user_idf=?
2026-07-20 18:31:34.892 [http-nio-8081-exec-1] DEBUG [TraceID: 6a5e0716d679460bf4b5cbd98520d53e, SpanID: 2f096b509da066e9]
                org.hibernate.SQL - select mr1_0.role_id,mr1_0.role_description,mr1_0.role_idf,mr1_0.role_name from public.m_role mr1_0 where mr1_0.role_id=?
2026-07-20 18:31:34.920 [http-nio-8081-exec-1] DEBUG [TraceID: 6a5e0716d679460bf4b5cbd98520d53e, SpanID: 2f096b509da066e9]
                org.hibernate.SQL - select mud1_0.user_detail_id,mud1_0.user_id,mud1_0.user_avatar,mud1_0.user_detail_created_at,mud1_0.user_detail_department_name,mud1_0.user_detail_idf,mud1_0.user_detail_updated_at,mud1_0.user_office_location from public.m_user_detail mud1_0 where mud1_0.user_id=?
2026-07-20 18:31:34.927 [http-nio-8081-exec-1] INFO  [TraceID: 6a5e0716d679460bf4b5cbd98520d53e, SpanID: 2f096b509da066e9]
                c.l.p.a.s.impl.AdminUserServiceImpl - SUCCESS GET PROFILE bf84949f-28a5-47e7-8408-f09019b8ebb2
2026-07-20 18:49:38.301 [HikariPool-1 housekeeper] WARN  [TraceID: , SpanID: ]
                com.zaxxer.hikari.pool.HikariPool - HikariPool-1 - Thread starvation or clock leap detected (housekeeper delta=5m19s326ms267µs200ns).
2026-07-20 18:54:35.394 [background-preinit] INFO  [TraceID: , SpanID: ]
                o.h.validator.internal.util.Version - HV000001: Hibernate Validator 8.0.2.Final
2026-07-20 18:54:35.436 [main] INFO  [TraceID: , SpanID: ]
                c.l.p.auth.AuthServiceApplication - Starting AuthServiceApplication using Java 21.0.9 with PID 6344 (C:\My-Portfolio\authentication\target\classes started by Asani in C:\My-Portfolio\authentication)
2026-07-20 18:54:35.438 [main] INFO  [TraceID: , SpanID: ]
                c.l.p.auth.AuthServiceApplication - No active profile set, falling back to 1 default profile: "default"
2026-07-20 18:54:36.367 [main] INFO  [TraceID: , SpanID: ]
                o.s.d.r.c.RepositoryConfigurationDelegate - Multiple Spring Data modules found, entering strict repository configuration mode
2026-07-20 18:54:36.368 [main] INFO  [TraceID: , SpanID: ]
                o.s.d.r.c.RepositoryConfigurationDelegate - Bootstrapping Spring Data JPA repositories in DEFAULT mode.
2026-07-20 18:54:36.489 [main] INFO  [TraceID: , SpanID: ]
                o.s.d.r.c.RepositoryConfigurationDelegate - Finished Spring Data repository scanning in 114 ms. Found 3 JPA repository interfaces.
2026-07-20 18:54:36.499 [main] INFO  [TraceID: , SpanID: ]
                o.s.d.r.c.RepositoryConfigurationDelegate - Multiple Spring Data modules found, entering strict repository configuration mode
2026-07-20 18:54:36.500 [main] INFO  [TraceID: , SpanID: ]
                o.s.d.r.c.RepositoryConfigurationDelegate - Bootstrapping Spring Data Redis repositories in DEFAULT mode.
2026-07-20 18:54:36.514 [main] INFO  [TraceID: , SpanID: ]
                o.s.d.r.c.RepositoryConfigurationExtensionSupport - Spring Data Redis - Could not safely identify store assignment for repository candidate interface com.laawe.purchasing.auth.repository.RoleRepository; If you want this repository to be a Redis repository, consider annotating your entities with one of these annotations: org.springframework.data.redis.core.RedisHash (preferred), or consider extending one of the following types with your repository: org.springframework.data.keyvalue.repository.KeyValueRepository
2026-07-20 18:54:36.514 [main] INFO  [TraceID: , SpanID: ]
                o.s.d.r.c.RepositoryConfigurationExtensionSupport - Spring Data Redis - Could not safely identify store assignment for repository candidate interface com.laawe.purchasing.auth.repository.UserDetailRepository; If you want this repository to be a Redis repository, consider annotating your entities with one of these annotations: org.springframework.data.redis.core.RedisHash (preferred), or consider extending one of the following types with your repository: org.springframework.data.keyvalue.repository.KeyValueRepository
2026-07-20 18:54:36.514 [main] INFO  [TraceID: , SpanID: ]
                o.s.d.r.c.RepositoryConfigurationExtensionSupport - Spring Data Redis - Could not safely identify store assignment for repository candidate interface com.laawe.purchasing.auth.repository.UserRepository; If you want this repository to be a Redis repository, consider annotating your entities with one of these annotations: org.springframework.data.redis.core.RedisHash (preferred), or consider extending one of the following types with your repository: org.springframework.data.keyvalue.repository.KeyValueRepository
2026-07-20 18:54:36.514 [main] INFO  [TraceID: , SpanID: ]
                o.s.d.r.c.RepositoryConfigurationDelegate - Finished Spring Data repository scanning in 7 ms. Found 0 Redis repository interfaces.
2026-07-20 18:54:37.158 [main] INFO  [TraceID: , SpanID: ]
                o.s.b.w.e.tomcat.TomcatWebServer - Tomcat initialized with port 8081 (http)
2026-07-20 18:54:37.170 [main] INFO  [TraceID: , SpanID: ]
                o.a.coyote.http11.Http11NioProtocol - Initializing ProtocolHandler ["http-nio-8081"]
2026-07-20 18:54:37.172 [main] INFO  [TraceID: , SpanID: ]
                o.a.catalina.core.StandardService - Starting service [Tomcat]
2026-07-20 18:54:37.172 [main] INFO  [TraceID: , SpanID: ]
                o.a.catalina.core.StandardEngine - Starting Servlet engine: [Apache Tomcat/10.1.36]
2026-07-20 18:54:37.248 [main] INFO  [TraceID: , SpanID: ]
                o.a.c.c.C.[Tomcat].[localhost].[/] - Initializing Spring embedded WebApplicationContext
2026-07-20 18:54:37.249 [main] INFO  [TraceID: , SpanID: ]
                o.s.b.w.s.c.ServletWebServerApplicationContext - Root WebApplicationContext: initialization completed in 1780 ms
2026-07-20 18:54:37.639 [main] INFO  [TraceID: , SpanID: ]
                o.h.jpa.internal.util.LogHelper - HHH000204: Processing PersistenceUnitInfo [name: default]
2026-07-20 18:54:37.692 [main] INFO  [TraceID: , SpanID: ]
                org.hibernate.Version - HHH000412: Hibernate ORM core version 6.6.8.Final
2026-07-20 18:54:37.724 [main] INFO  [TraceID: , SpanID: ]
                o.h.c.i.RegionFactoryInitiator - HHH000026: Second-level cache disabled
2026-07-20 18:54:37.980 [main] INFO  [TraceID: , SpanID: ]
                o.s.o.j.p.SpringPersistenceUnitInfo - No LoadTimeWeaver setup: ignoring JPA class transformer
2026-07-20 18:54:38.009 [main] INFO  [TraceID: , SpanID: ]
                com.zaxxer.hikari.HikariDataSource - HikariPool-1 - Starting...
2026-07-20 18:54:38.156 [main] INFO  [TraceID: , SpanID: ]
                com.zaxxer.hikari.pool.HikariPool - HikariPool-1 - Added connection org.postgresql.jdbc.PgConnection@177302d6
2026-07-20 18:54:38.158 [main] INFO  [TraceID: , SpanID: ]
                com.zaxxer.hikari.HikariDataSource - HikariPool-1 - Start completed.
2026-07-20 18:54:38.228 [main] INFO  [TraceID: , SpanID: ]
                o.hibernate.orm.connections.pooling - HHH10001005: Database info:
	Database JDBC URL [Connecting through datasource 'HikariDataSource (HikariPool-1)']
	Database driver: undefined/unknown
	Database version: 16.14
	Autocommit mode: undefined/unknown
	Isolation level: undefined/unknown
	Minimum pool size: undefined/unknown
	Maximum pool size: undefined/unknown
2026-07-20 18:54:39.057 [main] INFO  [TraceID: , SpanID: ]
                o.h.e.t.j.p.i.JtaPlatformInitiator - HHH000489: No JTA platform available (set 'hibernate.transaction.jta.platform' to enable JTA platform integration)
2026-07-20 18:54:39.291 [main] INFO  [TraceID: , SpanID: ]
                o.s.o.j.LocalContainerEntityManagerFactoryBean - Initialized JPA EntityManagerFactory for persistence unit 'default'
2026-07-20 18:54:39.562 [main] INFO  [TraceID: , SpanID: ]
                o.s.d.j.r.query.QueryEnhancerFactory - Hibernate is in classpath; If applicable, HQL parser will be used.
2026-07-20 18:54:40.613 [main] WARN  [TraceID: , SpanID: ]
                o.s.b.a.o.j.JpaBaseConfiguration$JpaWebConfiguration - spring.jpa.open-in-view is enabled by default. Therefore, database queries may be performed during view rendering. Explicitly configure spring.jpa.open-in-view to disable this warning
2026-07-20 18:54:41.040 [main] INFO  [TraceID: , SpanID: ]
                o.s.b.a.e.web.EndpointLinksResolver - Exposing 1 endpoint beneath base path '/actuator'
2026-07-20 18:54:41.719 [main] INFO  [TraceID: , SpanID: ]
                o.a.coyote.http11.Http11NioProtocol - Starting ProtocolHandler ["http-nio-8081"]
2026-07-20 18:54:41.741 [main] INFO  [TraceID: , SpanID: ]
                o.s.b.w.e.tomcat.TomcatWebServer - Tomcat started on port 8081 (http) with context path '/'
2026-07-20 18:54:41.755 [main] INFO  [TraceID: , SpanID: ]
                c.l.p.auth.AuthServiceApplication - Started AuthServiceApplication in 6.806 seconds (process running for 7.154)
2026-07-20 18:54:47.873 [http-nio-8081-exec-1] INFO  [TraceID: , SpanID: ]
                o.a.c.c.C.[Tomcat].[localhost].[/] - Initializing Spring DispatcherServlet 'dispatcherServlet'
2026-07-20 18:54:47.874 [http-nio-8081-exec-1] INFO  [TraceID: , SpanID: ]
                o.s.web.servlet.DispatcherServlet - Initializing Servlet 'dispatcherServlet'
2026-07-20 18:54:47.876 [http-nio-8081-exec-1] INFO  [TraceID: , SpanID: ]
                o.s.web.servlet.DispatcherServlet - Completed initialization in 2 ms
2026-07-20 18:54:47.943 [http-nio-8081-exec-1] INFO  [TraceID: 6a5e0c87ae3eb4715e4ed3e7adc8cfba, SpanID: 3591cc6cb81caa3b]
                c.l.p.a.s.impl.AdminUserServiceImpl - RECEIVE THE REQUEST TO GET PROFILE bf84949f-28a5-47e7-8408-f09019b8ebb2
2026-07-20 18:54:47.993 [http-nio-8081-exec-1] DEBUG [TraceID: 6a5e0c87ae3eb4715e4ed3e7adc8cfba, SpanID: 3591cc6cb81caa3b]
                org.hibernate.SQL - select mud1_0.user_detail_id,mud1_0.user_id,u1_0.user_id,u1_0.user_created_at,u1_0.user_email,u1_0.user_employee_id,u1_0.user_full_name,u1_0.user_idf,u1_0.user_is_admin,u1_0.user_password_hash,u1_0.user_phone_number,u1_0.user_role_id,r1_0.role_id,r1_0.role_description,r1_0.role_idf,r1_0.role_name,u1_0.user_status,u1_0.user_username,mud1_0.user_avatar,mud1_0.user_detail_created_at,mud1_0.user_detail_department_name,mud1_0.user_detail_idf,mud1_0.user_detail_updated_at,mud1_0.user_office_location from public.m_user_detail mud1_0 join public.m_user u1_0 on u1_0.user_id=mud1_0.user_id join public.m_role r1_0 on r1_0.role_id=u1_0.user_role_id where u1_0.user_idf=?
2026-07-20 18:54:48.028 [http-nio-8081-exec-1] INFO  [TraceID: 6a5e0c87ae3eb4715e4ed3e7adc8cfba, SpanID: 3591cc6cb81caa3b]
                c.l.p.a.s.impl.AdminUserServiceImpl - SUCCESS GET PROFILE bf84949f-28a5-47e7-8408-f09019b8ebb2
2026-07-20 19:05:05.622 [background-preinit] INFO  [TraceID: , SpanID: ]
                o.h.validator.internal.util.Version - HV000001: Hibernate Validator 8.0.2.Final
2026-07-20 19:05:05.665 [main] INFO  [TraceID: , SpanID: ]
                c.l.p.auth.AuthServiceApplication - Starting AuthServiceApplication using Java 21.0.9 with PID 38376 (C:\My-Portfolio\authentication\target\classes started by Asani in C:\My-Portfolio\authentication)
2026-07-20 19:05:05.666 [main] INFO  [TraceID: , SpanID: ]
                c.l.p.auth.AuthServiceApplication - No active profile set, falling back to 1 default profile: "default"
2026-07-20 19:05:06.887 [main] INFO  [TraceID: , SpanID: ]
                o.s.d.r.c.RepositoryConfigurationDelegate - Multiple Spring Data modules found, entering strict repository configuration mode
2026-07-20 19:05:06.888 [main] INFO  [TraceID: , SpanID: ]
                o.s.d.r.c.RepositoryConfigurationDelegate - Bootstrapping Spring Data JPA repositories in DEFAULT mode.
2026-07-20 19:05:07.023 [main] INFO  [TraceID: , SpanID: ]
                o.s.d.r.c.RepositoryConfigurationDelegate - Finished Spring Data repository scanning in 128 ms. Found 3 JPA repository interfaces.
2026-07-20 19:05:07.034 [main] INFO  [TraceID: , SpanID: ]
                o.s.d.r.c.RepositoryConfigurationDelegate - Multiple Spring Data modules found, entering strict repository configuration mode
2026-07-20 19:05:07.035 [main] INFO  [TraceID: , SpanID: ]
                o.s.d.r.c.RepositoryConfigurationDelegate - Bootstrapping Spring Data Redis repositories in DEFAULT mode.
2026-07-20 19:05:07.057 [main] INFO  [TraceID: , SpanID: ]
                o.s.d.r.c.RepositoryConfigurationExtensionSupport - Spring Data Redis - Could not safely identify store assignment for repository candidate interface com.laawe.purchasing.auth.repository.RoleRepository; If you want this repository to be a Redis repository, consider annotating your entities with one of these annotations: org.springframework.data.redis.core.RedisHash (preferred), or consider extending one of the following types with your repository: org.springframework.data.keyvalue.repository.KeyValueRepository
2026-07-20 19:05:07.057 [main] INFO  [TraceID: , SpanID: ]
                o.s.d.r.c.RepositoryConfigurationExtensionSupport - Spring Data Redis - Could not safely identify store assignment for repository candidate interface com.laawe.purchasing.auth.repository.UserDetailRepository; If you want this repository to be a Redis repository, consider annotating your entities with one of these annotations: org.springframework.data.redis.core.RedisHash (preferred), or consider extending one of the following types with your repository: org.springframework.data.keyvalue.repository.KeyValueRepository
2026-07-20 19:05:07.057 [main] INFO  [TraceID: , SpanID: ]
                o.s.d.r.c.RepositoryConfigurationExtensionSupport - Spring Data Redis - Could not safely identify store assignment for repository candidate interface com.laawe.purchasing.auth.repository.UserRepository; If you want this repository to be a Redis repository, consider annotating your entities with one of these annotations: org.springframework.data.redis.core.RedisHash (preferred), or consider extending one of the following types with your repository: org.springframework.data.keyvalue.repository.KeyValueRepository
2026-07-20 19:05:07.057 [main] INFO  [TraceID: , SpanID: ]
                o.s.d.r.c.RepositoryConfigurationDelegate - Finished Spring Data repository scanning in 14 ms. Found 0 Redis repository interfaces.
2026-07-20 19:05:07.787 [main] INFO  [TraceID: , SpanID: ]
                o.s.b.w.e.tomcat.TomcatWebServer - Tomcat initialized with port 8081 (http)
2026-07-20 19:05:07.801 [main] INFO  [TraceID: , SpanID: ]
                o.a.coyote.http11.Http11NioProtocol - Initializing ProtocolHandler ["http-nio-8081"]
2026-07-20 19:05:07.802 [main] INFO  [TraceID: , SpanID: ]
                o.a.catalina.core.StandardService - Starting service [Tomcat]
2026-07-20 19:05:07.803 [main] INFO  [TraceID: , SpanID: ]
                o.a.catalina.core.StandardEngine - Starting Servlet engine: [Apache Tomcat/10.1.36]
2026-07-20 19:05:07.875 [main] INFO  [TraceID: , SpanID: ]
                o.a.c.c.C.[Tomcat].[localhost].[/] - Initializing Spring embedded WebApplicationContext
2026-07-20 19:05:07.876 [main] INFO  [TraceID: , SpanID: ]
                o.s.b.w.s.c.ServletWebServerApplicationContext - Root WebApplicationContext: initialization completed in 2176 ms
2026-07-20 19:05:08.249 [main] INFO  [TraceID: , SpanID: ]
                o.h.jpa.internal.util.LogHelper - HHH000204: Processing PersistenceUnitInfo [name: default]
2026-07-20 19:05:08.286 [main] INFO  [TraceID: , SpanID: ]
                org.hibernate.Version - HHH000412: Hibernate ORM core version 6.6.8.Final
2026-07-20 19:05:08.309 [main] INFO  [TraceID: , SpanID: ]
                o.h.c.i.RegionFactoryInitiator - HHH000026: Second-level cache disabled
2026-07-20 19:05:08.509 [main] INFO  [TraceID: , SpanID: ]
                o.s.o.j.p.SpringPersistenceUnitInfo - No LoadTimeWeaver setup: ignoring JPA class transformer
2026-07-20 19:05:08.531 [main] INFO  [TraceID: , SpanID: ]
                com.zaxxer.hikari.HikariDataSource - HikariPool-1 - Starting...
2026-07-20 19:05:08.658 [main] INFO  [TraceID: , SpanID: ]
                com.zaxxer.hikari.pool.HikariPool - HikariPool-1 - Added connection org.postgresql.jdbc.PgConnection@30adae45
2026-07-20 19:05:08.661 [main] INFO  [TraceID: , SpanID: ]
                com.zaxxer.hikari.HikariDataSource - HikariPool-1 - Start completed.
2026-07-20 19:05:08.712 [main] INFO  [TraceID: , SpanID: ]
                o.hibernate.orm.connections.pooling - HHH10001005: Database info:
	Database JDBC URL [Connecting through datasource 'HikariDataSource (HikariPool-1)']
	Database driver: undefined/unknown
	Database version: 16.14
	Autocommit mode: undefined/unknown
	Isolation level: undefined/unknown
	Minimum pool size: undefined/unknown
	Maximum pool size: undefined/unknown
2026-07-20 19:05:09.509 [main] INFO  [TraceID: , SpanID: ]
                o.h.e.t.j.p.i.JtaPlatformInitiator - HHH000489: No JTA platform available (set 'hibernate.transaction.jta.platform' to enable JTA platform integration)
2026-07-20 19:05:09.727 [main] INFO  [TraceID: , SpanID: ]
                o.s.o.j.LocalContainerEntityManagerFactoryBean - Initialized JPA EntityManagerFactory for persistence unit 'default'
2026-07-20 19:05:09.990 [main] INFO  [TraceID: , SpanID: ]
                o.s.d.j.r.query.QueryEnhancerFactory - Hibernate is in classpath; If applicable, HQL parser will be used.
2026-07-20 19:05:10.552 [main] WARN  [TraceID: , SpanID: ]
                o.s.b.w.s.c.AnnotationConfigServletWebServerApplicationContext - Exception encountered during context initialization - cancelling refresh attempt: org.springframework.beans.factory.UnsatisfiedDependencyException: Error creating bean with name 'adminUserController' defined in file [C:\My-Portfolio\authentication\target\classes\com\laawe\purchasing\auth\controller\AdminUserController.class]: Unsatisfied dependency expressed through constructor parameter 0: Error creating bean with name 'adminUserServiceImpl' defined in file [C:\My-Portfolio\authentication\target\classes\com\laawe\purchasing\auth\service\impl\AdminUserServiceImpl.class]: Unsatisfied dependency expressed through constructor parameter 1: Error creating bean with name 'userDetailRepository' defined in com.laawe.purchasing.auth.repository.UserDetailRepository defined in @EnableJpaRepositories declared on JpaRepositoriesRegistrar.EnableJpaRepositoriesConfiguration: Could not create query for public abstract java.util.Optional com.laawe.purchasing.auth.repository.UserDetailRepository.findProfileByUserIdf(java.util.UUID); Reason: Validation failed for query for method public abstract java.util.Optional com.laawe.purchasing.auth.repository.UserDetailRepository.findProfileByUserIdf(java.util.UUID)
2026-07-20 19:05:10.552 [main] INFO  [TraceID: , SpanID: ]
                o.s.o.j.LocalContainerEntityManagerFactoryBean - Closing JPA EntityManagerFactory for persistence unit 'default'
2026-07-20 19:05:10.555 [main] INFO  [TraceID: , SpanID: ]
                com.zaxxer.hikari.HikariDataSource - HikariPool-1 - Shutdown initiated...
2026-07-20 19:05:10.560 [main] INFO  [TraceID: , SpanID: ]
                com.zaxxer.hikari.HikariDataSource - HikariPool-1 - Shutdown completed.
2026-07-20 19:05:10.563 [main] INFO  [TraceID: , SpanID: ]
                o.a.catalina.core.StandardService - Stopping service [Tomcat]
2026-07-20 19:05:10.578 [main] INFO  [TraceID: , SpanID: ]
                o.s.b.a.l.ConditionEvaluationReportLogger - 

Error starting ApplicationContext. To display the condition evaluation report re-run your application with 'debug' enabled.
2026-07-20 19:05:10.594 [main] ERROR [TraceID: , SpanID: ]
                o.s.boot.SpringApplication - Application run failed
org.springframework.beans.factory.UnsatisfiedDependencyException: Error creating bean with name 'adminUserController' defined in file [C:\My-Portfolio\authentication\target\classes\com\laawe\purchasing\auth\controller\AdminUserController.class]: Unsatisfied dependency expressed through constructor parameter 0: Error creating bean with name 'adminUserServiceImpl' defined in file [C:\My-Portfolio\authentication\target\classes\com\laawe\purchasing\auth\service\impl\AdminUserServiceImpl.class]: Unsatisfied dependency expressed through constructor parameter 1: Error creating bean with name 'userDetailRepository' defined in com.laawe.purchasing.auth.repository.UserDetailRepository defined in @EnableJpaRepositories declared on JpaRepositoriesRegistrar.EnableJpaRepositoriesConfiguration: Could not create query for public abstract java.util.Optional com.laawe.purchasing.auth.repository.UserDetailRepository.findProfileByUserIdf(java.util.UUID); Reason: Validation failed for query for method public abstract java.util.Optional com.laawe.purchasing.auth.repository.UserDetailRepository.findProfileByUserIdf(java.util.UUID)
	at org.springframework.beans.factory.support.ConstructorResolver.createArgumentArray(ConstructorResolver.java:804)
	at org.springframework.beans.factory.support.ConstructorResolver.autowireConstructor(ConstructorResolver.java:240)
	at org.springframework.beans.factory.support.AbstractAutowireCapableBeanFactory.autowireConstructor(AbstractAutowireCapableBeanFactory.java:1381)
	at org.springframework.beans.factory.support.AbstractAutowireCapableBeanFactory.createBeanInstance(AbstractAutowireCapableBeanFactory.java:1218)
	at org.springframework.beans.factory.support.AbstractAutowireCapableBeanFactory.doCreateBean(AbstractAutowireCapableBeanFactory.java:563)
	at org.springframework.beans.factory.support.AbstractAutowireCapableBeanFactory.createBean(AbstractAutowireCapableBeanFactory.java:523)
	at org.springframework.beans.factory.support.AbstractBeanFactory.lambda$doGetBean$0(AbstractBeanFactory.java:339)
	at org.springframework.beans.factory.support.DefaultSingletonBeanRegistry.getSingleton(DefaultSingletonBeanRegistry.java:346)
	at org.springframework.beans.factory.support.AbstractBeanFactory.doGetBean(AbstractBeanFactory.java:337)
	at org.springframework.beans.factory.support.AbstractBeanFactory.getBean(AbstractBeanFactory.java:202)
	at org.springframework.beans.factory.support.DefaultListableBeanFactory.instantiateSingleton(DefaultListableBeanFactory.java:1155)
	at org.springframework.beans.factory.support.DefaultListableBeanFactory.preInstantiateSingleton(DefaultListableBeanFactory.java:1121)
	at org.springframework.beans.factory.support.DefaultListableBeanFactory.preInstantiateSingletons(DefaultListableBeanFactory.java:1056)
	at org.springframework.context.support.AbstractApplicationContext.finishBeanFactoryInitialization(AbstractApplicationContext.java:987)
	at org.springframework.context.support.AbstractApplicationContext.refresh(AbstractApplicationContext.java:627)
	at org.springframework.boot.web.servlet.context.ServletWebServerApplicationContext.refresh(ServletWebServerApplicationContext.java:146)
	at org.springframework.boot.SpringApplication.refresh(SpringApplication.java:752)
	at org.springframework.boot.SpringApplication.refreshContext(SpringApplication.java:439)
	at org.springframework.boot.SpringApplication.run(SpringApplication.java:318)
	at org.springframework.boot.SpringApplication.run(SpringApplication.java:1361)
	at org.springframework.boot.SpringApplication.run(SpringApplication.java:1350)
	at com.laawe.purchasing.auth.AuthServiceApplication.main(AuthServiceApplication.java:10)
Caused by: org.springframework.beans.factory.UnsatisfiedDependencyException: Error creating bean with name 'adminUserServiceImpl' defined in file [C:\My-Portfolio\authentication\target\classes\com\laawe\purchasing\auth\service\impl\AdminUserServiceImpl.class]: Unsatisfied dependency expressed through constructor parameter 1: Error creating bean with name 'userDetailRepository' defined in com.laawe.purchasing.auth.repository.UserDetailRepository defined in @EnableJpaRepositories declared on JpaRepositoriesRegistrar.EnableJpaRepositoriesConfiguration: Could not create query for public abstract java.util.Optional com.laawe.purchasing.auth.repository.UserDetailRepository.findProfileByUserIdf(java.util.UUID); Reason: Validation failed for query for method public abstract java.util.Optional com.laawe.purchasing.auth.repository.UserDetailRepository.findProfileByUserIdf(java.util.UUID)
	at org.springframework.beans.factory.support.ConstructorResolver.createArgumentArray(ConstructorResolver.java:804)
	at org.springframework.beans.factory.support.ConstructorResolver.autowireConstructor(ConstructorResolver.java:240)
	at org.springframework.beans.factory.support.AbstractAutowireCapableBeanFactory.autowireConstructor(AbstractAutowireCapableBeanFactory.java:1381)
	at org.springframework.beans.factory.support.AbstractAutowireCapableBeanFactory.createBeanInstance(AbstractAutowireCapableBeanFactory.java:1218)
	at org.springframework.beans.factory.support.AbstractAutowireCapableBeanFactory.doCreateBean(AbstractAutowireCapableBeanFactory.java:563)
	at org.springframework.beans.factory.support.AbstractAutowireCapableBeanFactory.createBean(AbstractAutowireCapableBeanFactory.java:523)
	at org.springframework.beans.factory.support.AbstractBeanFactory.lambda$doGetBean$0(AbstractBeanFactory.java:339)
	at org.springframework.beans.factory.support.DefaultSingletonBeanRegistry.getSingleton(DefaultSingletonBeanRegistry.java:346)
	at org.springframework.beans.factory.support.AbstractBeanFactory.doGetBean(AbstractBeanFactory.java:337)
	at org.springframework.beans.factory.support.AbstractBeanFactory.getBean(AbstractBeanFactory.java:202)
	at org.springframework.beans.factory.config.DependencyDescriptor.resolveCandidate(DependencyDescriptor.java:254)
	at org.springframework.beans.factory.support.DefaultListableBeanFactory.doResolveDependency(DefaultListableBeanFactory.java:1664)
	at org.springframework.beans.factory.support.DefaultListableBeanFactory.resolveDependency(DefaultListableBeanFactory.java:1552)
	at org.springframework.beans.factory.support.ConstructorResolver.resolveAutowiredArgument(ConstructorResolver.java:913)
	at org.springframework.beans.factory.support.ConstructorResolver.createArgumentArray(ConstructorResolver.java:791)
	... 21 common frames omitted
Caused by: org.springframework.beans.factory.BeanCreationException: Error creating bean with name 'userDetailRepository' defined in com.laawe.purchasing.auth.repository.UserDetailRepository defined in @EnableJpaRepositories declared on JpaRepositoriesRegistrar.EnableJpaRepositoriesConfiguration: Could not create query for public abstract java.util.Optional com.laawe.purchasing.auth.repository.UserDetailRepository.findProfileByUserIdf(java.util.UUID); Reason: Validation failed for query for method public abstract java.util.Optional com.laawe.purchasing.auth.repository.UserDetailRepository.findProfileByUserIdf(java.util.UUID)
	at org.springframework.beans.factory.support.AbstractAutowireCapableBeanFactory.initializeBean(AbstractAutowireCapableBeanFactory.java:1812)
	at org.springframework.beans.factory.support.AbstractAutowireCapableBeanFactory.doCreateBean(AbstractAutowireCapableBeanFactory.java:601)
	at org.springframework.beans.factory.support.AbstractAutowireCapableBeanFactory.createBean(AbstractAutowireCapableBeanFactory.java:523)
	at org.springframework.beans.factory.support.AbstractBeanFactory.lambda$doGetBean$0(AbstractBeanFactory.java:339)
	at org.springframework.beans.factory.support.DefaultSingletonBeanRegistry.getSingleton(DefaultSingletonBeanRegistry.java:346)
	at org.springframework.beans.factory.support.AbstractBeanFactory.doGetBean(AbstractBeanFactory.java:337)
	at org.springframework.beans.factory.support.AbstractBeanFactory.getBean(AbstractBeanFactory.java:202)
	at org.springframework.beans.factory.support.DefaultListableBeanFactory.doResolveDependency(DefaultListableBeanFactory.java:1606)
	at org.springframework.beans.factory.support.DefaultListableBeanFactory.resolveDependency(DefaultListableBeanFactory.java:1552)
	at org.springframework.beans.factory.support.ConstructorResolver.resolveAutowiredArgument(ConstructorResolver.java:913)
	at org.springframework.beans.factory.support.ConstructorResolver.createArgumentArray(ConstructorResolver.java:791)
	... 35 common frames omitted
Caused by: org.springframework.data.repository.query.QueryCreationException: Could not create query for public abstract java.util.Optional com.laawe.purchasing.auth.repository.UserDetailRepository.findProfileByUserIdf(java.util.UUID); Reason: Validation failed for query for method public abstract java.util.Optional com.laawe.purchasing.auth.repository.UserDetailRepository.findProfileByUserIdf(java.util.UUID)
	at org.springframework.data.repository.query.QueryCreationException.create(QueryCreationException.java:101)
	at org.springframework.data.repository.core.support.QueryExecutorMethodInterceptor.lookupQuery(QueryExecutorMethodInterceptor.java:120)
	at org.springframework.data.repository.core.support.QueryExecutorMethodInterceptor.mapMethodsToQuery(QueryExecutorMethodInterceptor.java:104)
	at org.springframework.data.repository.core.support.QueryExecutorMethodInterceptor.lambda$new$0(QueryExecutorMethodInterceptor.java:92)
	at java.base/java.util.Optional.map(Optional.java:260)
	at org.springframework.data.repository.core.support.QueryExecutorMethodInterceptor.<init>(QueryExecutorMethodInterceptor.java:92)
	at org.springframework.data.repository.core.support.RepositoryFactorySupport.getRepository(RepositoryFactorySupport.java:440)
	at org.springframework.data.repository.core.support.RepositoryFactoryBeanSupport.lambda$afterPropertiesSet$4(RepositoryFactoryBeanSupport.java:350)
	at org.springframework.data.util.Lazy.getNullable(Lazy.java:135)
	at org.springframework.data.util.Lazy.get(Lazy.java:113)
	at org.springframework.data.repository.core.support.RepositoryFactoryBeanSupport.afterPropertiesSet(RepositoryFactoryBeanSupport.java:356)
	at org.springframework.data.jpa.repository.support.JpaRepositoryFactoryBean.afterPropertiesSet(JpaRepositoryFactoryBean.java:132)
	at org.springframework.beans.factory.support.AbstractAutowireCapableBeanFactory.invokeInitMethods(AbstractAutowireCapableBeanFactory.java:1859)
	at org.springframework.beans.factory.support.AbstractAutowireCapableBeanFactory.initializeBean(AbstractAutowireCapableBeanFactory.java:1808)
	... 45 common frames omitted
Caused by: java.lang.IllegalArgumentException: Validation failed for query for method public abstract java.util.Optional com.laawe.purchasing.auth.repository.UserDetailRepository.findProfileByUserIdf(java.util.UUID)
	at org.springframework.data.jpa.repository.query.SimpleJpaQuery.validateQuery(SimpleJpaQuery.java:97)
	at org.springframework.data.jpa.repository.query.SimpleJpaQuery.<init>(SimpleJpaQuery.java:67)
	at org.springframework.data.jpa.repository.query.JpaQueryFactory.fromMethodWithQueryString(JpaQueryFactory.java:49)
	at org.springframework.data.jpa.repository.query.JpaQueryLookupStrategy$DeclaredQueryLookupStrategy.resolveQuery(JpaQueryLookupStrategy.java:174)
	at org.springframework.data.jpa.repository.query.JpaQueryLookupStrategy$CreateIfNotFoundQueryLookupStrategy.resolveQuery(JpaQueryLookupStrategy.java:256)
	at org.springframework.data.jpa.repository.query.JpaQueryLookupStrategy$AbstractQueryLookupStrategy.resolveQuery(JpaQueryLookupStrategy.java:99)
	at org.springframework.data.repository.core.support.QueryExecutorMethodInterceptor.lookupQuery(QueryExecutorMethodInterceptor.java:116)
	... 57 common frames omitted
Caused by: java.lang.IllegalArgumentException: org.hibernate.query.SemanticException: Query specified join fetching, but the owner of the fetched association was not present in the select list [SqmSingularJoin(com.laawe.purchasing.auth.model.entity.M_User_Detail(ud).user(u) : user)]
	at org.hibernate.internal.ExceptionConverterImpl.convert(ExceptionConverterImpl.java:143)
	at org.hibernate.internal.ExceptionConverterImpl.convert(ExceptionConverterImpl.java:167)
	at org.hibernate.internal.ExceptionConverterImpl.convert(ExceptionConverterImpl.java:173)
	at org.hibernate.internal.AbstractSharedSessionContract.createQuery(AbstractSharedSessionContract.java:886)
	at org.hibernate.internal.AbstractSharedSessionContract.createQuery(AbstractSharedSessionContract.java:796)
	at org.hibernate.internal.AbstractSharedSessionContract.createQuery(AbstractSharedSessionContract.java:143)
	at java.base/jdk.internal.reflect.DirectMethodHandleAccessor.invoke(DirectMethodHandleAccessor.java:103)
	at java.base/java.lang.reflect.Method.invoke(Method.java:580)
	at org.springframework.orm.jpa.ExtendedEntityManagerCreator$ExtendedEntityManagerInvocationHandler.invoke(ExtendedEntityManagerCreator.java:364)
	at jdk.proxy2/jdk.proxy2.$Proxy151.createQuery(Unknown Source)
	at org.springframework.data.jpa.repository.query.SimpleJpaQuery.validateQuery(SimpleJpaQuery.java:91)
	... 63 common frames omitted
Caused by: org.hibernate.query.SemanticException: Query specified join fetching, but the owner of the fetched association was not present in the select list [SqmSingularJoin(com.laawe.purchasing.auth.model.entity.M_User_Detail(ud).user(u) : user)]
	at org.hibernate.query.sqm.tree.select.SqmQuerySpec.assertFetchOwner(SqmQuerySpec.java:573)
	at org.hibernate.query.sqm.tree.select.SqmQuerySpec.validateFetchOwners(SqmQuerySpec.java:548)
	at org.hibernate.query.sqm.tree.select.SqmQuerySpec.validateFetchOwners(SqmQuerySpec.java:494)
	at org.hibernate.query.sqm.tree.select.SqmQuerySpec.validateQueryStructureAndFetchOwners(SqmQuerySpec.java:469)
	at org.hibernate.query.hql.internal.SemanticQueryBuilder.visitStatement(SemanticQueryBuilder.java:452)
	at org.hibernate.query.hql.internal.SemanticQueryBuilder.buildSemanticModel(SemanticQueryBuilder.java:324)
	at org.hibernate.query.hql.internal.StandardHqlTranslator.translate(StandardHqlTranslator.java:71)
	at org.hibernate.query.internal.QueryInterpretationCacheStandardImpl.createHqlInterpretation(QueryInterpretationCacheStandardImpl.java:145)
	at org.hibernate.query.internal.QueryInterpretationCacheStandardImpl.resolveHqlInterpretation(QueryInterpretationCacheStandardImpl.java:132)
	at org.hibernate.query.spi.QueryEngine.interpretHql(QueryEngine.java:54)
	at org.hibernate.internal.AbstractSharedSessionContract.interpretHql(AbstractSharedSessionContract.java:832)
	at org.hibernate.internal.AbstractSharedSessionContract.createQuery(AbstractSharedSessionContract.java:878)
	... 70 common frames omitted
2026-07-20 19:21:11.935 [background-preinit] INFO  [TraceID: , SpanID: ]
                o.h.validator.internal.util.Version - HV000001: Hibernate Validator 8.0.2.Final
2026-07-20 19:21:11.979 [main] INFO  [TraceID: , SpanID: ]
                c.l.p.auth.AuthServiceApplication - Starting AuthServiceApplication using Java 21.0.9 with PID 44192 (C:\My-Portfolio\authentication\target\classes started by Asani in C:\My-Portfolio\authentication)
2026-07-20 19:21:11.980 [main] INFO  [TraceID: , SpanID: ]
                c.l.p.auth.AuthServiceApplication - No active profile set, falling back to 1 default profile: "default"
2026-07-20 19:21:13.031 [main] INFO  [TraceID: , SpanID: ]
                o.s.d.r.c.RepositoryConfigurationDelegate - Multiple Spring Data modules found, entering strict repository configuration mode
2026-07-20 19:21:13.032 [main] INFO  [TraceID: , SpanID: ]
                o.s.d.r.c.RepositoryConfigurationDelegate - Bootstrapping Spring Data JPA repositories in DEFAULT mode.
2026-07-20 19:21:13.181 [main] INFO  [TraceID: , SpanID: ]
                o.s.d.r.c.RepositoryConfigurationDelegate - Finished Spring Data repository scanning in 140 ms. Found 3 JPA repository interfaces.
2026-07-20 19:21:13.192 [main] INFO  [TraceID: , SpanID: ]
                o.s.d.r.c.RepositoryConfigurationDelegate - Multiple Spring Data modules found, entering strict repository configuration mode
2026-07-20 19:21:13.193 [main] INFO  [TraceID: , SpanID: ]
                o.s.d.r.c.RepositoryConfigurationDelegate - Bootstrapping Spring Data Redis repositories in DEFAULT mode.
2026-07-20 19:21:13.208 [main] INFO  [TraceID: , SpanID: ]
                o.s.d.r.c.RepositoryConfigurationExtensionSupport - Spring Data Redis - Could not safely identify store assignment for repository candidate interface com.laawe.purchasing.auth.repository.RoleRepository; If you want this repository to be a Redis repository, consider annotating your entities with one of these annotations: org.springframework.data.redis.core.RedisHash (preferred), or consider extending one of the following types with your repository: org.springframework.data.keyvalue.repository.KeyValueRepository
2026-07-20 19:21:13.209 [main] INFO  [TraceID: , SpanID: ]
                o.s.d.r.c.RepositoryConfigurationExtensionSupport - Spring Data Redis - Could not safely identify store assignment for repository candidate interface com.laawe.purchasing.auth.repository.UserDetailRepository; If you want this repository to be a Redis repository, consider annotating your entities with one of these annotations: org.springframework.data.redis.core.RedisHash (preferred), or consider extending one of the following types with your repository: org.springframework.data.keyvalue.repository.KeyValueRepository
2026-07-20 19:21:13.209 [main] INFO  [TraceID: , SpanID: ]
                o.s.d.r.c.RepositoryConfigurationExtensionSupport - Spring Data Redis - Could not safely identify store assignment for repository candidate interface com.laawe.purchasing.auth.repository.UserRepository; If you want this repository to be a Redis repository, consider annotating your entities with one of these annotations: org.springframework.data.redis.core.RedisHash (preferred), or consider extending one of the following types with your repository: org.springframework.data.keyvalue.repository.KeyValueRepository
2026-07-20 19:21:13.209 [main] INFO  [TraceID: , SpanID: ]
                o.s.d.r.c.RepositoryConfigurationDelegate - Finished Spring Data repository scanning in 8 ms. Found 0 Redis repository interfaces.
2026-07-20 19:21:13.919 [main] INFO  [TraceID: , SpanID: ]
                o.s.b.w.e.tomcat.TomcatWebServer - Tomcat initialized with port 8081 (http)
2026-07-20 19:21:13.929 [main] INFO  [TraceID: , SpanID: ]
                o.a.coyote.http11.Http11NioProtocol - Initializing ProtocolHandler ["http-nio-8081"]
2026-07-20 19:21:13.931 [main] INFO  [TraceID: , SpanID: ]
                o.a.catalina.core.StandardService - Starting service [Tomcat]
2026-07-20 19:21:13.931 [main] INFO  [TraceID: , SpanID: ]
                o.a.catalina.core.StandardEngine - Starting Servlet engine: [Apache Tomcat/10.1.36]
2026-07-20 19:21:13.992 [main] INFO  [TraceID: , SpanID: ]
                o.a.c.c.C.[Tomcat].[localhost].[/] - Initializing Spring embedded WebApplicationContext
2026-07-20 19:21:13.992 [main] INFO  [TraceID: , SpanID: ]
                o.s.b.w.s.c.ServletWebServerApplicationContext - Root WebApplicationContext: initialization completed in 1979 ms
2026-07-20 19:21:14.352 [main] INFO  [TraceID: , SpanID: ]
                o.h.jpa.internal.util.LogHelper - HHH000204: Processing PersistenceUnitInfo [name: default]
2026-07-20 19:21:14.389 [main] INFO  [TraceID: , SpanID: ]
                org.hibernate.Version - HHH000412: Hibernate ORM core version 6.6.8.Final
2026-07-20 19:21:14.414 [main] INFO  [TraceID: , SpanID: ]
                o.h.c.i.RegionFactoryInitiator - HHH000026: Second-level cache disabled
2026-07-20 19:21:14.639 [main] INFO  [TraceID: , SpanID: ]
                o.s.o.j.p.SpringPersistenceUnitInfo - No LoadTimeWeaver setup: ignoring JPA class transformer
2026-07-20 19:21:14.663 [main] INFO  [TraceID: , SpanID: ]
                com.zaxxer.hikari.HikariDataSource - HikariPool-1 - Starting...
2026-07-20 19:21:14.807 [main] INFO  [TraceID: , SpanID: ]
                com.zaxxer.hikari.pool.HikariPool - HikariPool-1 - Added connection org.postgresql.jdbc.PgConnection@68303c3e
2026-07-20 19:21:14.808 [main] INFO  [TraceID: , SpanID: ]
                com.zaxxer.hikari.HikariDataSource - HikariPool-1 - Start completed.
2026-07-20 19:21:14.872 [main] INFO  [TraceID: , SpanID: ]
                o.hibernate.orm.connections.pooling - HHH10001005: Database info:
	Database JDBC URL [Connecting through datasource 'HikariDataSource (HikariPool-1)']
	Database driver: undefined/unknown
	Database version: 16.14
	Autocommit mode: undefined/unknown
	Isolation level: undefined/unknown
	Minimum pool size: undefined/unknown
	Maximum pool size: undefined/unknown
2026-07-20 19:21:15.709 [main] INFO  [TraceID: , SpanID: ]
                o.h.e.t.j.p.i.JtaPlatformInitiator - HHH000489: No JTA platform available (set 'hibernate.transaction.jta.platform' to enable JTA platform integration)
2026-07-20 19:21:15.940 [main] INFO  [TraceID: , SpanID: ]
                o.s.o.j.LocalContainerEntityManagerFactoryBean - Initialized JPA EntityManagerFactory for persistence unit 'default'
2026-07-20 19:21:16.181 [main] INFO  [TraceID: , SpanID: ]
                o.s.d.j.r.query.QueryEnhancerFactory - Hibernate is in classpath; If applicable, HQL parser will be used.
2026-07-20 19:21:16.866 [main] WARN  [TraceID: , SpanID: ]
                o.s.b.w.s.c.AnnotationConfigServletWebServerApplicationContext - Exception encountered during context initialization - cancelling refresh attempt: org.springframework.beans.factory.UnsatisfiedDependencyException: Error creating bean with name 'adminUserController' defined in file [C:\My-Portfolio\authentication\target\classes\com\laawe\purchasing\auth\controller\AdminUserController.class]: Unsatisfied dependency expressed through constructor parameter 0: Error creating bean with name 'adminUserServiceImpl' defined in file [C:\My-Portfolio\authentication\target\classes\com\laawe\purchasing\auth\service\impl\AdminUserServiceImpl.class]: Unsatisfied dependency expressed through constructor parameter 1: Error creating bean with name 'userDetailRepository' defined in com.laawe.purchasing.auth.repository.UserDetailRepository defined in @EnableJpaRepositories declared on JpaRepositoriesRegistrar.EnableJpaRepositoriesConfiguration: Could not create query for public abstract java.util.Optional com.laawe.purchasing.auth.repository.UserDetailRepository.findProfileByUserIdf(java.util.UUID); Reason: Validation failed for query for method public abstract java.util.Optional com.laawe.purchasing.auth.repository.UserDetailRepository.findProfileByUserIdf(java.util.UUID)
2026-07-20 19:21:16.866 [main] INFO  [TraceID: , SpanID: ]
                o.s.o.j.LocalContainerEntityManagerFactoryBean - Closing JPA EntityManagerFactory for persistence unit 'default'
2026-07-20 19:21:16.868 [main] INFO  [TraceID: , SpanID: ]
                com.zaxxer.hikari.HikariDataSource - HikariPool-1 - Shutdown initiated...
2026-07-20 19:21:16.872 [main] INFO  [TraceID: , SpanID: ]
                com.zaxxer.hikari.HikariDataSource - HikariPool-1 - Shutdown completed.
2026-07-20 19:21:16.875 [main] INFO  [TraceID: , SpanID: ]
                o.a.catalina.core.StandardService - Stopping service [Tomcat]
2026-07-20 19:21:16.889 [main] INFO  [TraceID: , SpanID: ]
                o.s.b.a.l.ConditionEvaluationReportLogger - 

Error starting ApplicationContext. To display the condition evaluation report re-run your application with 'debug' enabled.
2026-07-20 19:21:16.900 [main] ERROR [TraceID: , SpanID: ]
                o.s.boot.SpringApplication - Application run failed
org.springframework.beans.factory.UnsatisfiedDependencyException: Error creating bean with name 'adminUserController' defined in file [C:\My-Portfolio\authentication\target\classes\com\laawe\purchasing\auth\controller\AdminUserController.class]: Unsatisfied dependency expressed through constructor parameter 0: Error creating bean with name 'adminUserServiceImpl' defined in file [C:\My-Portfolio\authentication\target\classes\com\laawe\purchasing\auth\service\impl\AdminUserServiceImpl.class]: Unsatisfied dependency expressed through constructor parameter 1: Error creating bean with name 'userDetailRepository' defined in com.laawe.purchasing.auth.repository.UserDetailRepository defined in @EnableJpaRepositories declared on JpaRepositoriesRegistrar.EnableJpaRepositoriesConfiguration: Could not create query for public abstract java.util.Optional com.laawe.purchasing.auth.repository.UserDetailRepository.findProfileByUserIdf(java.util.UUID); Reason: Validation failed for query for method public abstract java.util.Optional com.laawe.purchasing.auth.repository.UserDetailRepository.findProfileByUserIdf(java.util.UUID)
	at org.springframework.beans.factory.support.ConstructorResolver.createArgumentArray(ConstructorResolver.java:804)
	at org.springframework.beans.factory.support.ConstructorResolver.autowireConstructor(ConstructorResolver.java:240)
	at org.springframework.beans.factory.support.AbstractAutowireCapableBeanFactory.autowireConstructor(AbstractAutowireCapableBeanFactory.java:1381)
	at org.springframework.beans.factory.support.AbstractAutowireCapableBeanFactory.createBeanInstance(AbstractAutowireCapableBeanFactory.java:1218)
	at org.springframework.beans.factory.support.AbstractAutowireCapableBeanFactory.doCreateBean(AbstractAutowireCapableBeanFactory.java:563)
	at org.springframework.beans.factory.support.AbstractAutowireCapableBeanFactory.createBean(AbstractAutowireCapableBeanFactory.java:523)
	at org.springframework.beans.factory.support.AbstractBeanFactory.lambda$doGetBean$0(AbstractBeanFactory.java:339)
	at org.springframework.beans.factory.support.DefaultSingletonBeanRegistry.getSingleton(DefaultSingletonBeanRegistry.java:346)
	at org.springframework.beans.factory.support.AbstractBeanFactory.doGetBean(AbstractBeanFactory.java:337)
	at org.springframework.beans.factory.support.AbstractBeanFactory.getBean(AbstractBeanFactory.java:202)
	at org.springframework.beans.factory.support.DefaultListableBeanFactory.instantiateSingleton(DefaultListableBeanFactory.java:1155)
	at org.springframework.beans.factory.support.DefaultListableBeanFactory.preInstantiateSingleton(DefaultListableBeanFactory.java:1121)
	at org.springframework.beans.factory.support.DefaultListableBeanFactory.preInstantiateSingletons(DefaultListableBeanFactory.java:1056)
	at org.springframework.context.support.AbstractApplicationContext.finishBeanFactoryInitialization(AbstractApplicationContext.java:987)
	at org.springframework.context.support.AbstractApplicationContext.refresh(AbstractApplicationContext.java:627)
	at org.springframework.boot.web.servlet.context.ServletWebServerApplicationContext.refresh(ServletWebServerApplicationContext.java:146)
	at org.springframework.boot.SpringApplication.refresh(SpringApplication.java:752)
	at org.springframework.boot.SpringApplication.refreshContext(SpringApplication.java:439)
	at org.springframework.boot.SpringApplication.run(SpringApplication.java:318)
	at org.springframework.boot.SpringApplication.run(SpringApplication.java:1361)
	at org.springframework.boot.SpringApplication.run(SpringApplication.java:1350)
	at com.laawe.purchasing.auth.AuthServiceApplication.main(AuthServiceApplication.java:10)
Caused by: org.springframework.beans.factory.UnsatisfiedDependencyException: Error creating bean with name 'adminUserServiceImpl' defined in file [C:\My-Portfolio\authentication\target\classes\com\laawe\purchasing\auth\service\impl\AdminUserServiceImpl.class]: Unsatisfied dependency expressed through constructor parameter 1: Error creating bean with name 'userDetailRepository' defined in com.laawe.purchasing.auth.repository.UserDetailRepository defined in @EnableJpaRepositories declared on JpaRepositoriesRegistrar.EnableJpaRepositoriesConfiguration: Could not create query for public abstract java.util.Optional com.laawe.purchasing.auth.repository.UserDetailRepository.findProfileByUserIdf(java.util.UUID); Reason: Validation failed for query for method public abstract java.util.Optional com.laawe.purchasing.auth.repository.UserDetailRepository.findProfileByUserIdf(java.util.UUID)
	at org.springframework.beans.factory.support.ConstructorResolver.createArgumentArray(ConstructorResolver.java:804)
	at org.springframework.beans.factory.support.ConstructorResolver.autowireConstructor(ConstructorResolver.java:240)
	at org.springframework.beans.factory.support.AbstractAutowireCapableBeanFactory.autowireConstructor(AbstractAutowireCapableBeanFactory.java:1381)
	at org.springframework.beans.factory.support.AbstractAutowireCapableBeanFactory.createBeanInstance(AbstractAutowireCapableBeanFactory.java:1218)
	at org.springframework.beans.factory.support.AbstractAutowireCapableBeanFactory.doCreateBean(AbstractAutowireCapableBeanFactory.java:563)
	at org.springframework.beans.factory.support.AbstractAutowireCapableBeanFactory.createBean(AbstractAutowireCapableBeanFactory.java:523)
	at org.springframework.beans.factory.support.AbstractBeanFactory.lambda$doGetBean$0(AbstractBeanFactory.java:339)
	at org.springframework.beans.factory.support.DefaultSingletonBeanRegistry.getSingleton(DefaultSingletonBeanRegistry.java:346)
	at org.springframework.beans.factory.support.AbstractBeanFactory.doGetBean(AbstractBeanFactory.java:337)
	at org.springframework.beans.factory.support.AbstractBeanFactory.getBean(AbstractBeanFactory.java:202)
	at org.springframework.beans.factory.config.DependencyDescriptor.resolveCandidate(DependencyDescriptor.java:254)
	at org.springframework.beans.factory.support.DefaultListableBeanFactory.doResolveDependency(DefaultListableBeanFactory.java:1664)
	at org.springframework.beans.factory.support.DefaultListableBeanFactory.resolveDependency(DefaultListableBeanFactory.java:1552)
	at org.springframework.beans.factory.support.ConstructorResolver.resolveAutowiredArgument(ConstructorResolver.java:913)
	at org.springframework.beans.factory.support.ConstructorResolver.createArgumentArray(ConstructorResolver.java:791)
	... 21 common frames omitted
Caused by: org.springframework.beans.factory.BeanCreationException: Error creating bean with name 'userDetailRepository' defined in com.laawe.purchasing.auth.repository.UserDetailRepository defined in @EnableJpaRepositories declared on JpaRepositoriesRegistrar.EnableJpaRepositoriesConfiguration: Could not create query for public abstract java.util.Optional com.laawe.purchasing.auth.repository.UserDetailRepository.findProfileByUserIdf(java.util.UUID); Reason: Validation failed for query for method public abstract java.util.Optional com.laawe.purchasing.auth.repository.UserDetailRepository.findProfileByUserIdf(java.util.UUID)
	at org.springframework.beans.factory.support.AbstractAutowireCapableBeanFactory.initializeBean(AbstractAutowireCapableBeanFactory.java:1812)
	at org.springframework.beans.factory.support.AbstractAutowireCapableBeanFactory.doCreateBean(AbstractAutowireCapableBeanFactory.java:601)
	at org.springframework.beans.factory.support.AbstractAutowireCapableBeanFactory.createBean(AbstractAutowireCapableBeanFactory.java:523)
	at org.springframework.beans.factory.support.AbstractBeanFactory.lambda$doGetBean$0(AbstractBeanFactory.java:339)
	at org.springframework.beans.factory.support.DefaultSingletonBeanRegistry.getSingleton(DefaultSingletonBeanRegistry.java:346)
	at org.springframework.beans.factory.support.AbstractBeanFactory.doGetBean(AbstractBeanFactory.java:337)
	at org.springframework.beans.factory.support.AbstractBeanFactory.getBean(AbstractBeanFactory.java:202)
	at org.springframework.beans.factory.support.DefaultListableBeanFactory.doResolveDependency(DefaultListableBeanFactory.java:1606)
	at org.springframework.beans.factory.support.DefaultListableBeanFactory.resolveDependency(DefaultListableBeanFactory.java:1552)
	at org.springframework.beans.factory.support.ConstructorResolver.resolveAutowiredArgument(ConstructorResolver.java:913)
	at org.springframework.beans.factory.support.ConstructorResolver.createArgumentArray(ConstructorResolver.java:791)
	... 35 common frames omitted
Caused by: org.springframework.data.repository.query.QueryCreationException: Could not create query for public abstract java.util.Optional com.laawe.purchasing.auth.repository.UserDetailRepository.findProfileByUserIdf(java.util.UUID); Reason: Validation failed for query for method public abstract java.util.Optional com.laawe.purchasing.auth.repository.UserDetailRepository.findProfileByUserIdf(java.util.UUID)
	at org.springframework.data.repository.query.QueryCreationException.create(QueryCreationException.java:101)
	at org.springframework.data.repository.core.support.QueryExecutorMethodInterceptor.lookupQuery(QueryExecutorMethodInterceptor.java:120)
	at org.springframework.data.repository.core.support.QueryExecutorMethodInterceptor.mapMethodsToQuery(QueryExecutorMethodInterceptor.java:104)
	at org.springframework.data.repository.core.support.QueryExecutorMethodInterceptor.lambda$new$0(QueryExecutorMethodInterceptor.java:92)
	at java.base/java.util.Optional.map(Optional.java:260)
	at org.springframework.data.repository.core.support.QueryExecutorMethodInterceptor.<init>(QueryExecutorMethodInterceptor.java:92)
	at org.springframework.data.repository.core.support.RepositoryFactorySupport.getRepository(RepositoryFactorySupport.java:440)
	at org.springframework.data.repository.core.support.RepositoryFactoryBeanSupport.lambda$afterPropertiesSet$4(RepositoryFactoryBeanSupport.java:350)
	at org.springframework.data.util.Lazy.getNullable(Lazy.java:135)
	at org.springframework.data.util.Lazy.get(Lazy.java:113)
	at org.springframework.data.repository.core.support.RepositoryFactoryBeanSupport.afterPropertiesSet(RepositoryFactoryBeanSupport.java:356)
	at org.springframework.data.jpa.repository.support.JpaRepositoryFactoryBean.afterPropertiesSet(JpaRepositoryFactoryBean.java:132)
	at org.springframework.beans.factory.support.AbstractAutowireCapableBeanFactory.invokeInitMethods(AbstractAutowireCapableBeanFactory.java:1859)
	at org.springframework.beans.factory.support.AbstractAutowireCapableBeanFactory.initializeBean(AbstractAutowireCapableBeanFactory.java:1808)
	... 45 common frames omitted
Caused by: java.lang.IllegalArgumentException: Validation failed for query for method public abstract java.util.Optional com.laawe.purchasing.auth.repository.UserDetailRepository.findProfileByUserIdf(java.util.UUID)
	at org.springframework.data.jpa.repository.query.SimpleJpaQuery.validateQuery(SimpleJpaQuery.java:97)
	at org.springframework.data.jpa.repository.query.SimpleJpaQuery.<init>(SimpleJpaQuery.java:67)
	at org.springframework.data.jpa.repository.query.JpaQueryFactory.fromMethodWithQueryString(JpaQueryFactory.java:49)
	at org.springframework.data.jpa.repository.query.JpaQueryLookupStrategy$DeclaredQueryLookupStrategy.resolveQuery(JpaQueryLookupStrategy.java:174)
	at org.springframework.data.jpa.repository.query.JpaQueryLookupStrategy$CreateIfNotFoundQueryLookupStrategy.resolveQuery(JpaQueryLookupStrategy.java:256)
	at org.springframework.data.jpa.repository.query.JpaQueryLookupStrategy$AbstractQueryLookupStrategy.resolveQuery(JpaQueryLookupStrategy.java:99)
	at org.springframework.data.repository.core.support.QueryExecutorMethodInterceptor.lookupQuery(QueryExecutorMethodInterceptor.java:116)
	... 57 common frames omitted
Caused by: java.lang.IllegalArgumentException: org.hibernate.query.SemanticException: Could not resolve class 'com.laawe.purchasing.auth.dto.UserProfileDTO' named for instantiation [SELECT new com.laawe.purchasing.auth.dto.UserProfileDTO(ud.userDetailDepartmentName, ud.userAvatar, ud.userOfficeLocation, u.idf, u.fullName, u.email, u.employeeId, u.username, u.phoneNumber, u.status, u.isAdmin, u.createdAt, r.name) FROM M_User_Detail ud JOIN ud.user u JOIN u.role r WHERE u.idf = :userIdf]
	at org.hibernate.internal.ExceptionConverterImpl.convert(ExceptionConverterImpl.java:143)
	at org.hibernate.internal.ExceptionConverterImpl.convert(ExceptionConverterImpl.java:167)
	at org.hibernate.internal.ExceptionConverterImpl.convert(ExceptionConverterImpl.java:173)
	at org.hibernate.internal.AbstractSharedSessionContract.createQuery(AbstractSharedSessionContract.java:886)
	at org.hibernate.internal.AbstractSharedSessionContract.createQuery(AbstractSharedSessionContract.java:796)
	at org.hibernate.internal.AbstractSharedSessionContract.createQuery(AbstractSharedSessionContract.java:143)
	at java.base/jdk.internal.reflect.DirectMethodHandleAccessor.invoke(DirectMethodHandleAccessor.java:103)
	at java.base/java.lang.reflect.Method.invoke(Method.java:580)
	at org.springframework.orm.jpa.ExtendedEntityManagerCreator$ExtendedEntityManagerInvocationHandler.invoke(ExtendedEntityManagerCreator.java:364)
	at jdk.proxy2/jdk.proxy2.$Proxy151.createQuery(Unknown Source)
	at org.springframework.data.jpa.repository.query.SimpleJpaQuery.validateQuery(SimpleJpaQuery.java:91)
	... 63 common frames omitted
Caused by: org.hibernate.query.SemanticException: Could not resolve class 'com.laawe.purchasing.auth.dto.UserProfileDTO' named for instantiation [SELECT new com.laawe.purchasing.auth.dto.UserProfileDTO(ud.userDetailDepartmentName, ud.userAvatar, ud.userOfficeLocation, u.idf, u.fullName, u.email, u.employeeId, u.username, u.phoneNumber, u.status, u.isAdmin, u.createdAt, r.name) FROM M_User_Detail ud JOIN ud.user u JOIN u.role r WHERE u.idf = :userIdf]
	at org.hibernate.query.hql.internal.SemanticQueryBuilder.visitInstantiation(SemanticQueryBuilder.java:1477)
	at org.hibernate.query.hql.internal.SemanticQueryBuilder.visitInstantiation(SemanticQueryBuilder.java:277)
	at org.hibernate.grammars.hql.HqlParser$InstantiationContext.accept(HqlParser.java:4034)
	at org.hibernate.query.hql.internal.SemanticQueryBuilder.visitSelectableNode(SemanticQueryBuilder.java:1458)
	at org.hibernate.query.hql.internal.SemanticQueryBuilder.visitSelection(SemanticQueryBuilder.java:1412)
	at org.hibernate.query.hql.internal.SemanticQueryBuilder.visitSelectClause(SemanticQueryBuilder.java:1405)
	at org.hibernate.query.hql.internal.SemanticQueryBuilder.visitQuery(SemanticQueryBuilder.java:1254)
	at org.hibernate.query.hql.internal.SemanticQueryBuilder.visitQuerySpecExpression(SemanticQueryBuilder.java:1040)
	at org.hibernate.query.hql.internal.SemanticQueryBuilder.visitQuerySpecExpression(SemanticQueryBuilder.java:277)
	at org.hibernate.grammars.hql.HqlParser$QuerySpecExpressionContext.accept(HqlParser.java:2134)
	at org.hibernate.query.hql.internal.SemanticQueryBuilder.visitSimpleQueryGroup(SemanticQueryBuilder.java:1025)
	at org.hibernate.query.hql.internal.SemanticQueryBuilder.visitSimpleQueryGroup(SemanticQueryBuilder.java:277)
	at org.hibernate.grammars.hql.HqlParser$SimpleQueryGroupContext.accept(HqlParser.java:2005)
	at org.hibernate.query.hql.internal.SemanticQueryBuilder.visitSelectStatement(SemanticQueryBuilder.java:492)
	at org.hibernate.query.hql.internal.SemanticQueryBuilder.visitStatement(SemanticQueryBuilder.java:451)
	at org.hibernate.query.hql.internal.SemanticQueryBuilder.buildSemanticModel(SemanticQueryBuilder.java:324)
	at org.hibernate.query.hql.internal.StandardHqlTranslator.translate(StandardHqlTranslator.java:71)
	at org.hibernate.query.internal.QueryInterpretationCacheStandardImpl.createHqlInterpretation(QueryInterpretationCacheStandardImpl.java:145)
	at org.hibernate.query.internal.QueryInterpretationCacheStandardImpl.resolveHqlInterpretation(QueryInterpretationCacheStandardImpl.java:132)
	at org.hibernate.query.spi.QueryEngine.interpretHql(QueryEngine.java:54)
	at org.hibernate.internal.AbstractSharedSessionContract.interpretHql(AbstractSharedSessionContract.java:832)
	at org.hibernate.internal.AbstractSharedSessionContract.createQuery(AbstractSharedSessionContract.java:878)
	... 70 common frames omitted
2026-07-20 19:22:50.962 [background-preinit] INFO  [TraceID: , SpanID: ]
                o.h.validator.internal.util.Version - HV000001: Hibernate Validator 8.0.2.Final
2026-07-20 19:22:51.000 [main] INFO  [TraceID: , SpanID: ]
                c.l.p.auth.AuthServiceApplication - Starting AuthServiceApplication using Java 21.0.9 with PID 3472 (C:\My-Portfolio\authentication\target\classes started by Asani in C:\My-Portfolio\authentication)
2026-07-20 19:22:51.000 [main] INFO  [TraceID: , SpanID: ]
                c.l.p.auth.AuthServiceApplication - No active profile set, falling back to 1 default profile: "default"
2026-07-20 19:22:51.851 [main] INFO  [TraceID: , SpanID: ]
                o.s.d.r.c.RepositoryConfigurationDelegate - Multiple Spring Data modules found, entering strict repository configuration mode
2026-07-20 19:22:51.852 [main] INFO  [TraceID: , SpanID: ]
                o.s.d.r.c.RepositoryConfigurationDelegate - Bootstrapping Spring Data JPA repositories in DEFAULT mode.
2026-07-20 19:22:51.965 [main] INFO  [TraceID: , SpanID: ]
                o.s.d.r.c.RepositoryConfigurationDelegate - Finished Spring Data repository scanning in 105 ms. Found 3 JPA repository interfaces.
2026-07-20 19:22:51.975 [main] INFO  [TraceID: , SpanID: ]
                o.s.d.r.c.RepositoryConfigurationDelegate - Multiple Spring Data modules found, entering strict repository configuration mode
2026-07-20 19:22:51.977 [main] INFO  [TraceID: , SpanID: ]
                o.s.d.r.c.RepositoryConfigurationDelegate - Bootstrapping Spring Data Redis repositories in DEFAULT mode.
2026-07-20 19:22:51.989 [main] INFO  [TraceID: , SpanID: ]
                o.s.d.r.c.RepositoryConfigurationExtensionSupport - Spring Data Redis - Could not safely identify store assignment for repository candidate interface com.laawe.purchasing.auth.repository.RoleRepository; If you want this repository to be a Redis repository, consider annotating your entities with one of these annotations: org.springframework.data.redis.core.RedisHash (preferred), or consider extending one of the following types with your repository: org.springframework.data.keyvalue.repository.KeyValueRepository
2026-07-20 19:22:51.989 [main] INFO  [TraceID: , SpanID: ]
                o.s.d.r.c.RepositoryConfigurationExtensionSupport - Spring Data Redis - Could not safely identify store assignment for repository candidate interface com.laawe.purchasing.auth.repository.UserDetailRepository; If you want this repository to be a Redis repository, consider annotating your entities with one of these annotations: org.springframework.data.redis.core.RedisHash (preferred), or consider extending one of the following types with your repository: org.springframework.data.keyvalue.repository.KeyValueRepository
2026-07-20 19:22:51.989 [main] INFO  [TraceID: , SpanID: ]
                o.s.d.r.c.RepositoryConfigurationExtensionSupport - Spring Data Redis - Could not safely identify store assignment for repository candidate interface com.laawe.purchasing.auth.repository.UserRepository; If you want this repository to be a Redis repository, consider annotating your entities with one of these annotations: org.springframework.data.redis.core.RedisHash (preferred), or consider extending one of the following types with your repository: org.springframework.data.keyvalue.repository.KeyValueRepository
2026-07-20 19:22:51.989 [main] INFO  [TraceID: , SpanID: ]
                o.s.d.r.c.RepositoryConfigurationDelegate - Finished Spring Data repository scanning in 6 ms. Found 0 Redis repository interfaces.
2026-07-20 19:22:52.632 [main] INFO  [TraceID: , SpanID: ]
                o.s.b.w.e.tomcat.TomcatWebServer - Tomcat initialized with port 8081 (http)
2026-07-20 19:22:52.641 [main] INFO  [TraceID: , SpanID: ]
                o.a.coyote.http11.Http11NioProtocol - Initializing ProtocolHandler ["http-nio-8081"]
2026-07-20 19:22:52.643 [main] INFO  [TraceID: , SpanID: ]
                o.a.catalina.core.StandardService - Starting service [Tomcat]
2026-07-20 19:22:52.643 [main] INFO  [TraceID: , SpanID: ]
                o.a.catalina.core.StandardEngine - Starting Servlet engine: [Apache Tomcat/10.1.36]
2026-07-20 19:22:52.698 [main] INFO  [TraceID: , SpanID: ]
                o.a.c.c.C.[Tomcat].[localhost].[/] - Initializing Spring embedded WebApplicationContext
2026-07-20 19:22:52.699 [main] INFO  [TraceID: , SpanID: ]
                o.s.b.w.s.c.ServletWebServerApplicationContext - Root WebApplicationContext: initialization completed in 1669 ms
2026-07-20 19:22:53.035 [main] INFO  [TraceID: , SpanID: ]
                o.h.jpa.internal.util.LogHelper - HHH000204: Processing PersistenceUnitInfo [name: default]
2026-07-20 19:22:53.069 [main] INFO  [TraceID: , SpanID: ]
                org.hibernate.Version - HHH000412: Hibernate ORM core version 6.6.8.Final
2026-07-20 19:22:53.091 [main] INFO  [TraceID: , SpanID: ]
                o.h.c.i.RegionFactoryInitiator - HHH000026: Second-level cache disabled
2026-07-20 19:22:53.276 [main] INFO  [TraceID: , SpanID: ]
                o.s.o.j.p.SpringPersistenceUnitInfo - No LoadTimeWeaver setup: ignoring JPA class transformer
2026-07-20 19:22:53.299 [main] INFO  [TraceID: , SpanID: ]
                com.zaxxer.hikari.HikariDataSource - HikariPool-1 - Starting...
2026-07-20 19:22:53.423 [main] INFO  [TraceID: , SpanID: ]
                com.zaxxer.hikari.pool.HikariPool - HikariPool-1 - Added connection org.postgresql.jdbc.PgConnection@66e62fc4
2026-07-20 19:22:53.425 [main] INFO  [TraceID: , SpanID: ]
                com.zaxxer.hikari.HikariDataSource - HikariPool-1 - Start completed.
2026-07-20 19:22:53.481 [main] INFO  [TraceID: , SpanID: ]
                o.hibernate.orm.connections.pooling - HHH10001005: Database info:
	Database JDBC URL [Connecting through datasource 'HikariDataSource (HikariPool-1)']
	Database driver: undefined/unknown
	Database version: 16.14
	Autocommit mode: undefined/unknown
	Isolation level: undefined/unknown
	Minimum pool size: undefined/unknown
	Maximum pool size: undefined/unknown
2026-07-20 19:22:54.299 [main] INFO  [TraceID: , SpanID: ]
                o.h.e.t.j.p.i.JtaPlatformInitiator - HHH000489: No JTA platform available (set 'hibernate.transaction.jta.platform' to enable JTA platform integration)
2026-07-20 19:22:54.539 [main] INFO  [TraceID: , SpanID: ]
                o.s.o.j.LocalContainerEntityManagerFactoryBean - Initialized JPA EntityManagerFactory for persistence unit 'default'
2026-07-20 19:22:54.837 [main] INFO  [TraceID: , SpanID: ]
                o.s.d.j.r.query.QueryEnhancerFactory - Hibernate is in classpath; If applicable, HQL parser will be used.
2026-07-20 19:22:55.914 [main] WARN  [TraceID: , SpanID: ]
                o.s.b.a.o.j.JpaBaseConfiguration$JpaWebConfiguration - spring.jpa.open-in-view is enabled by default. Therefore, database queries may be performed during view rendering. Explicitly configure spring.jpa.open-in-view to disable this warning
2026-07-20 19:22:56.293 [main] INFO  [TraceID: , SpanID: ]
                o.s.b.a.e.web.EndpointLinksResolver - Exposing 1 endpoint beneath base path '/actuator'
2026-07-20 19:22:56.851 [main] INFO  [TraceID: , SpanID: ]
                o.a.coyote.http11.Http11NioProtocol - Starting ProtocolHandler ["http-nio-8081"]
2026-07-20 19:22:56.871 [main] INFO  [TraceID: , SpanID: ]
                o.s.b.w.e.tomcat.TomcatWebServer - Tomcat started on port 8081 (http) with context path '/'
2026-07-20 19:22:56.883 [main] INFO  [TraceID: , SpanID: ]
                c.l.p.auth.AuthServiceApplication - Started AuthServiceApplication in 6.298 seconds (process running for 6.61)
2026-07-20 19:23:03.437 [http-nio-8081-exec-1] INFO  [TraceID: , SpanID: ]
                o.a.c.c.C.[Tomcat].[localhost].[/] - Initializing Spring DispatcherServlet 'dispatcherServlet'
2026-07-20 19:23:03.437 [http-nio-8081-exec-1] INFO  [TraceID: , SpanID: ]
                o.s.web.servlet.DispatcherServlet - Initializing Servlet 'dispatcherServlet'
2026-07-20 19:23:03.438 [http-nio-8081-exec-1] INFO  [TraceID: , SpanID: ]
                o.s.web.servlet.DispatcherServlet - Completed initialization in 1 ms
2026-07-20 19:23:03.497 [http-nio-8081-exec-1] INFO  [TraceID: 6a5e1327dfcf999c30436c0ca0c74e02, SpanID: 4851e2dc2a11397e]
                c.l.p.a.s.impl.AdminUserServiceImpl - RECEIVE THE REQUEST TO GET PROFILE bf84949f-28a5-47e7-8408-f09019b8ebb2
2026-07-20 19:23:03.545 [http-nio-8081-exec-1] DEBUG [TraceID: 6a5e1327dfcf999c30436c0ca0c74e02, SpanID: 4851e2dc2a11397e]
                org.hibernate.SQL - select mud1_0.user_detail_department_name,mud1_0.user_avatar,mud1_0.user_office_location,u1_0.user_idf,u1_0.user_full_name,u1_0.user_email,u1_0.user_employee_id,u1_0.user_username,u1_0.user_phone_number,u1_0.user_status,u1_0.user_is_admin,u1_0.user_created_at,r1_0.role_name from public.m_user_detail mud1_0 join public.m_user u1_0 on u1_0.user_id=mud1_0.user_id join public.m_role r1_0 on r1_0.role_id=u1_0.user_role_id where u1_0.user_idf=?
2026-07-20 19:23:03.564 [http-nio-8081-exec-1] INFO  [TraceID: 6a5e1327dfcf999c30436c0ca0c74e02, SpanID: 4851e2dc2a11397e]
                c.l.p.a.s.impl.AdminUserServiceImpl - SUCCESS GET PROFILE bf84949f-28a5-47e7-8408-f09019b8ebb2
2026-07-20 19:28:48.098 [background-preinit] INFO  [TraceID: , SpanID: ]
                o.h.validator.internal.util.Version - HV000001: Hibernate Validator 8.0.2.Final
2026-07-20 19:28:48.142 [main] INFO  [TraceID: , SpanID: ]
                c.l.p.auth.AuthServiceApplication - Starting AuthServiceApplication using Java 21.0.9 with PID 33736 (C:\My-Portfolio\authentication\target\classes started by Asani in C:\My-Portfolio\authentication)
2026-07-20 19:28:48.143 [main] INFO  [TraceID: , SpanID: ]
                c.l.p.auth.AuthServiceApplication - No active profile set, falling back to 1 default profile: "default"
2026-07-20 19:28:49.079 [main] INFO  [TraceID: , SpanID: ]
                o.s.d.r.c.RepositoryConfigurationDelegate - Multiple Spring Data modules found, entering strict repository configuration mode
2026-07-20 19:28:49.080 [main] INFO  [TraceID: , SpanID: ]
                o.s.d.r.c.RepositoryConfigurationDelegate - Bootstrapping Spring Data JPA repositories in DEFAULT mode.
2026-07-20 19:28:49.198 [main] INFO  [TraceID: , SpanID: ]
                o.s.d.r.c.RepositoryConfigurationDelegate - Finished Spring Data repository scanning in 110 ms. Found 3 JPA repository interfaces.
2026-07-20 19:28:49.209 [main] INFO  [TraceID: , SpanID: ]
                o.s.d.r.c.RepositoryConfigurationDelegate - Multiple Spring Data modules found, entering strict repository configuration mode
2026-07-20 19:28:49.210 [main] INFO  [TraceID: , SpanID: ]
                o.s.d.r.c.RepositoryConfigurationDelegate - Bootstrapping Spring Data Redis repositories in DEFAULT mode.
2026-07-20 19:28:49.225 [main] INFO  [TraceID: , SpanID: ]
                o.s.d.r.c.RepositoryConfigurationExtensionSupport - Spring Data Redis - Could not safely identify store assignment for repository candidate interface com.laawe.purchasing.auth.repository.RoleRepository; If you want this repository to be a Redis repository, consider annotating your entities with one of these annotations: org.springframework.data.redis.core.RedisHash (preferred), or consider extending one of the following types with your repository: org.springframework.data.keyvalue.repository.KeyValueRepository
2026-07-20 19:28:49.226 [main] INFO  [TraceID: , SpanID: ]
                o.s.d.r.c.RepositoryConfigurationExtensionSupport - Spring Data Redis - Could not safely identify store assignment for repository candidate interface com.laawe.purchasing.auth.repository.UserDetailRepository; If you want this repository to be a Redis repository, consider annotating your entities with one of these annotations: org.springframework.data.redis.core.RedisHash (preferred), or consider extending one of the following types with your repository: org.springframework.data.keyvalue.repository.KeyValueRepository
2026-07-20 19:28:49.226 [main] INFO  [TraceID: , SpanID: ]
                o.s.d.r.c.RepositoryConfigurationExtensionSupport - Spring Data Redis - Could not safely identify store assignment for repository candidate interface com.laawe.purchasing.auth.repository.UserRepository; If you want this repository to be a Redis repository, consider annotating your entities with one of these annotations: org.springframework.data.redis.core.RedisHash (preferred), or consider extending one of the following types with your repository: org.springframework.data.keyvalue.repository.KeyValueRepository
2026-07-20 19:28:49.226 [main] INFO  [TraceID: , SpanID: ]
                o.s.d.r.c.RepositoryConfigurationDelegate - Finished Spring Data repository scanning in 9 ms. Found 0 Redis repository interfaces.
2026-07-20 19:28:49.844 [main] INFO  [TraceID: , SpanID: ]
                o.s.b.w.e.tomcat.TomcatWebServer - Tomcat initialized with port 8081 (http)
2026-07-20 19:28:49.854 [main] INFO  [TraceID: , SpanID: ]
                o.a.coyote.http11.Http11NioProtocol - Initializing ProtocolHandler ["http-nio-8081"]
2026-07-20 19:28:49.855 [main] INFO  [TraceID: , SpanID: ]
                o.a.catalina.core.StandardService - Starting service [Tomcat]
2026-07-20 19:28:49.855 [main] INFO  [TraceID: , SpanID: ]
                o.a.catalina.core.StandardEngine - Starting Servlet engine: [Apache Tomcat/10.1.36]
2026-07-20 19:28:49.909 [main] INFO  [TraceID: , SpanID: ]
                o.a.c.c.C.[Tomcat].[localhost].[/] - Initializing Spring embedded WebApplicationContext
2026-07-20 19:28:49.909 [main] INFO  [TraceID: , SpanID: ]
                o.s.b.w.s.c.ServletWebServerApplicationContext - Root WebApplicationContext: initialization completed in 1733 ms
2026-07-20 19:28:50.215 [main] INFO  [TraceID: , SpanID: ]
                o.h.jpa.internal.util.LogHelper - HHH000204: Processing PersistenceUnitInfo [name: default]
2026-07-20 19:28:50.249 [main] INFO  [TraceID: , SpanID: ]
                org.hibernate.Version - HHH000412: Hibernate ORM core version 6.6.8.Final
2026-07-20 19:28:50.272 [main] INFO  [TraceID: , SpanID: ]
                o.h.c.i.RegionFactoryInitiator - HHH000026: Second-level cache disabled
2026-07-20 19:28:50.748 [main] INFO  [TraceID: , SpanID: ]
                o.s.o.j.p.SpringPersistenceUnitInfo - No LoadTimeWeaver setup: ignoring JPA class transformer
2026-07-20 19:28:50.824 [main] INFO  [TraceID: , SpanID: ]
                com.zaxxer.hikari.HikariDataSource - HikariPool-1 - Starting...
2026-07-20 19:28:51.000 [main] INFO  [TraceID: , SpanID: ]
                com.zaxxer.hikari.pool.HikariPool - HikariPool-1 - Added connection org.postgresql.jdbc.PgConnection@6fd2acf5
2026-07-20 19:28:51.003 [main] INFO  [TraceID: , SpanID: ]
                com.zaxxer.hikari.HikariDataSource - HikariPool-1 - Start completed.
2026-07-20 19:28:51.066 [main] INFO  [TraceID: , SpanID: ]
                o.hibernate.orm.connections.pooling - HHH10001005: Database info:
	Database JDBC URL [Connecting through datasource 'HikariDataSource (HikariPool-1)']
	Database driver: undefined/unknown
	Database version: 16.14
	Autocommit mode: undefined/unknown
	Isolation level: undefined/unknown
	Minimum pool size: undefined/unknown
	Maximum pool size: undefined/unknown
2026-07-20 19:28:51.877 [main] INFO  [TraceID: , SpanID: ]
                o.h.e.t.j.p.i.JtaPlatformInitiator - HHH000489: No JTA platform available (set 'hibernate.transaction.jta.platform' to enable JTA platform integration)
2026-07-20 19:28:52.093 [main] INFO  [TraceID: , SpanID: ]
                o.s.o.j.LocalContainerEntityManagerFactoryBean - Initialized JPA EntityManagerFactory for persistence unit 'default'
2026-07-20 19:28:52.382 [main] INFO  [TraceID: , SpanID: ]
                o.s.d.j.r.query.QueryEnhancerFactory - Hibernate is in classpath; If applicable, HQL parser will be used.
2026-07-20 19:28:53.525 [main] WARN  [TraceID: , SpanID: ]
                o.s.b.a.o.j.JpaBaseConfiguration$JpaWebConfiguration - spring.jpa.open-in-view is enabled by default. Therefore, database queries may be performed during view rendering. Explicitly configure spring.jpa.open-in-view to disable this warning
2026-07-20 19:28:53.879 [main] INFO  [TraceID: , SpanID: ]
                o.s.b.a.e.web.EndpointLinksResolver - Exposing 1 endpoint beneath base path '/actuator'
2026-07-20 19:28:54.404 [main] INFO  [TraceID: , SpanID: ]
                o.a.coyote.http11.Http11NioProtocol - Starting ProtocolHandler ["http-nio-8081"]
2026-07-20 19:28:54.424 [main] INFO  [TraceID: , SpanID: ]
                o.s.b.w.e.tomcat.TomcatWebServer - Tomcat started on port 8081 (http) with context path '/'
2026-07-20 19:28:54.436 [main] INFO  [TraceID: , SpanID: ]
                c.l.p.auth.AuthServiceApplication - Started AuthServiceApplication in 6.844 seconds (process running for 7.237)
2026-07-20 19:29:29.862 [http-nio-8081-exec-1] INFO  [TraceID: , SpanID: ]
                o.a.c.c.C.[Tomcat].[localhost].[/] - Initializing Spring DispatcherServlet 'dispatcherServlet'
2026-07-20 19:29:29.862 [http-nio-8081-exec-1] INFO  [TraceID: , SpanID: ]
                o.s.web.servlet.DispatcherServlet - Initializing Servlet 'dispatcherServlet'
2026-07-20 19:29:29.864 [http-nio-8081-exec-1] INFO  [TraceID: , SpanID: ]
                o.s.web.servlet.DispatcherServlet - Completed initialization in 2 ms
2026-07-20 19:29:30.023 [http-nio-8081-exec-1] INFO  [TraceID: 6a5e14a968eda52fd715b5aa4302952c, SpanID: 2165cc01e9af414b]
                c.l.p.a.service.impl.AuthServiceImpl - RECEIVE REQUEST LOGIN FOR IDENTIFIER admin@laawe.com
2026-07-20 19:29:30.074 [http-nio-8081-exec-1] DEBUG [TraceID: 6a5e14a968eda52fd715b5aa4302952c, SpanID: 2165cc01e9af414b]
                org.hibernate.SQL - select mu1_0.user_id,mu1_0.user_created_at,mu1_0.user_email,mu1_0.user_employee_id,mu1_0.user_full_name,mu1_0.user_idf,mu1_0.user_is_admin,mu1_0.user_password_hash,mu1_0.user_phone_number,mu1_0.user_role_id,mu1_0.user_status,mu1_0.user_username from public.m_user mu1_0 where mu1_0.user_username=? or mu1_0.user_email=? or mu1_0.user_phone_number=?
2026-07-20 19:29:30.107 [http-nio-8081-exec-1] DEBUG [TraceID: 6a5e14a968eda52fd715b5aa4302952c, SpanID: 2165cc01e9af414b]
                org.hibernate.SQL - select mr1_0.role_id,mr1_0.role_description,mr1_0.role_idf,mr1_0.role_name from public.m_role mr1_0 where mr1_0.role_id=?
2026-07-20 19:29:30.616 [http-nio-8081-exec-1] INFO  [TraceID: 6a5e14a968eda52fd715b5aa4302952c, SpanID: 2165cc01e9af414b]
                c.l.p.a.service.impl.AuthServiceImpl - SUCCESS LOGIN FOR IDENTIFIER admin@laawe.com
2026-07-20 19:29:42.842 [http-nio-8081-exec-2] INFO  [TraceID: 6a5e14b65a10b7232de799ea3363c213, SpanID: 68f9616301f0c594]
                c.l.p.a.s.impl.AdminUserServiceImpl - RECEIVE THE REQUEST TO GET PROFILE bf84949f-28a5-47e7-8408-f09019b8ebb2
2026-07-20 19:29:42.846 [http-nio-8081-exec-2] DEBUG [TraceID: 6a5e14b65a10b7232de799ea3363c213, SpanID: 68f9616301f0c594]
                org.hibernate.SQL - select mud1_0.user_detail_department_name,mud1_0.user_avatar,mud1_0.user_office_location,u1_0.user_idf,u1_0.user_full_name,u1_0.user_email,u1_0.user_employee_id,u1_0.user_username,u1_0.user_phone_number,u1_0.user_status,u1_0.user_is_admin,u1_0.user_created_at,r1_0.role_name from public.m_user_detail mud1_0 join public.m_user u1_0 on u1_0.user_id=mud1_0.user_id join public.m_role r1_0 on r1_0.role_id=u1_0.user_role_id where u1_0.user_idf=?
2026-07-20 19:29:42.854 [http-nio-8081-exec-2] INFO  [TraceID: 6a5e14b65a10b7232de799ea3363c213, SpanID: 68f9616301f0c594]
                c.l.p.a.s.impl.AdminUserServiceImpl - SUCCESS GET PROFILE bf84949f-28a5-47e7-8408-f09019b8ebb2
2026-07-20 19:35:34.643 [http-nio-8081-exec-4] DEBUG [TraceID: 6a5e1616089e9f33678da2d2f9de1eca, SpanID: fbac2286444fd08f]
                org.hibernate.SQL - select r1_0.role_name from public.m_user mu1_0 join public.m_role r1_0 on r1_0.role_id=mu1_0.user_role_id where mu1_0.user_idf=? and r1_0.role_name='SUPERUSER'
2026-07-20 19:35:34.657 [http-nio-8081-exec-4] DEBUG [TraceID: 6a5e1616089e9f33678da2d2f9de1eca, SpanID: fbac2286444fd08f]
                org.hibernate.SQL - select mu1_0.user_id,mu1_0.user_created_at,mu1_0.user_email,mu1_0.user_employee_id,mu1_0.user_full_name,mu1_0.user_idf,mu1_0.user_is_admin,mu1_0.user_password_hash,mu1_0.user_phone_number,mu1_0.user_role_id,mu1_0.user_status,mu1_0.user_username from public.m_user mu1_0 join public.m_role r1_0 on r1_0.role_id=mu1_0.user_role_id where r1_0.role_name is distinct from 'SUPERUSER' order by mu1_0.user_created_at desc fetch first ? rows only
2026-07-20 19:35:34.662 [http-nio-8081-exec-4] DEBUG [TraceID: 6a5e1616089e9f33678da2d2f9de1eca, SpanID: fbac2286444fd08f]
                org.hibernate.SQL - select mr1_0.role_id,mr1_0.role_description,mr1_0.role_idf,mr1_0.role_name from public.m_role mr1_0 where mr1_0.role_id=?
2026-07-20 19:35:34.666 [http-nio-8081-exec-4] DEBUG [TraceID: 6a5e1616089e9f33678da2d2f9de1eca, SpanID: fbac2286444fd08f]
                org.hibernate.SQL - select mr1_0.role_id,mr1_0.role_description,mr1_0.role_idf,mr1_0.role_name from public.m_role mr1_0 where mr1_0.role_id=?
2026-07-20 19:51:06.294 [background-preinit] INFO  [TraceID: , SpanID: ]
                o.h.validator.internal.util.Version - HV000001: Hibernate Validator 8.0.2.Final
2026-07-20 19:51:06.332 [main] INFO  [TraceID: , SpanID: ]
                c.l.p.auth.AuthServiceApplication - Starting AuthServiceApplication using Java 21.0.9 with PID 35148 (C:\My-Portfolio\authentication\target\classes started by Asani in C:\My-Portfolio\authentication)
2026-07-20 19:51:06.333 [main] INFO  [TraceID: , SpanID: ]
                c.l.p.auth.AuthServiceApplication - No active profile set, falling back to 1 default profile: "default"
2026-07-20 19:51:07.253 [main] INFO  [TraceID: , SpanID: ]
                o.s.d.r.c.RepositoryConfigurationDelegate - Multiple Spring Data modules found, entering strict repository configuration mode
2026-07-20 19:51:07.255 [main] INFO  [TraceID: , SpanID: ]
                o.s.d.r.c.RepositoryConfigurationDelegate - Bootstrapping Spring Data JPA repositories in DEFAULT mode.
2026-07-20 19:51:07.393 [main] INFO  [TraceID: , SpanID: ]
                o.s.d.r.c.RepositoryConfigurationDelegate - Finished Spring Data repository scanning in 129 ms. Found 3 JPA repository interfaces.
2026-07-20 19:51:07.406 [main] INFO  [TraceID: , SpanID: ]
                o.s.d.r.c.RepositoryConfigurationDelegate - Multiple Spring Data modules found, entering strict repository configuration mode
2026-07-20 19:51:07.408 [main] INFO  [TraceID: , SpanID: ]
                o.s.d.r.c.RepositoryConfigurationDelegate - Bootstrapping Spring Data Redis repositories in DEFAULT mode.
2026-07-20 19:51:07.424 [main] INFO  [TraceID: , SpanID: ]
                o.s.d.r.c.RepositoryConfigurationExtensionSupport - Spring Data Redis - Could not safely identify store assignment for repository candidate interface com.laawe.purchasing.auth.repository.RoleRepository; If you want this repository to be a Redis repository, consider annotating your entities with one of these annotations: org.springframework.data.redis.core.RedisHash (preferred), or consider extending one of the following types with your repository: org.springframework.data.keyvalue.repository.KeyValueRepository
2026-07-20 19:51:07.424 [main] INFO  [TraceID: , SpanID: ]
                o.s.d.r.c.RepositoryConfigurationExtensionSupport - Spring Data Redis - Could not safely identify store assignment for repository candidate interface com.laawe.purchasing.auth.repository.UserDetailRepository; If you want this repository to be a Redis repository, consider annotating your entities with one of these annotations: org.springframework.data.redis.core.RedisHash (preferred), or consider extending one of the following types with your repository: org.springframework.data.keyvalue.repository.KeyValueRepository
2026-07-20 19:51:07.424 [main] INFO  [TraceID: , SpanID: ]
                o.s.d.r.c.RepositoryConfigurationExtensionSupport - Spring Data Redis - Could not safely identify store assignment for repository candidate interface com.laawe.purchasing.auth.repository.UserRepository; If you want this repository to be a Redis repository, consider annotating your entities with one of these annotations: org.springframework.data.redis.core.RedisHash (preferred), or consider extending one of the following types with your repository: org.springframework.data.keyvalue.repository.KeyValueRepository
2026-07-20 19:51:07.424 [main] INFO  [TraceID: , SpanID: ]
                o.s.d.r.c.RepositoryConfigurationDelegate - Finished Spring Data repository scanning in 8 ms. Found 0 Redis repository interfaces.
2026-07-20 19:51:08.145 [main] INFO  [TraceID: , SpanID: ]
                o.s.b.w.e.tomcat.TomcatWebServer - Tomcat initialized with port 8081 (http)
2026-07-20 19:51:08.154 [main] INFO  [TraceID: , SpanID: ]
                o.a.coyote.http11.Http11NioProtocol - Initializing ProtocolHandler ["http-nio-8081"]
2026-07-20 19:51:08.156 [main] INFO  [TraceID: , SpanID: ]
                o.a.catalina.core.StandardService - Starting service [Tomcat]
2026-07-20 19:51:08.157 [main] INFO  [TraceID: , SpanID: ]
                o.a.catalina.core.StandardEngine - Starting Servlet engine: [Apache Tomcat/10.1.36]
2026-07-20 19:51:08.214 [main] INFO  [TraceID: , SpanID: ]
                o.a.c.c.C.[Tomcat].[localhost].[/] - Initializing Spring embedded WebApplicationContext
2026-07-20 19:51:08.214 [main] INFO  [TraceID: , SpanID: ]
                o.s.b.w.s.c.ServletWebServerApplicationContext - Root WebApplicationContext: initialization completed in 1848 ms
2026-07-20 19:51:08.543 [main] INFO  [TraceID: , SpanID: ]
                o.h.jpa.internal.util.LogHelper - HHH000204: Processing PersistenceUnitInfo [name: default]
2026-07-20 19:51:08.580 [main] INFO  [TraceID: , SpanID: ]
                org.hibernate.Version - HHH000412: Hibernate ORM core version 6.6.8.Final
2026-07-20 19:51:08.606 [main] INFO  [TraceID: , SpanID: ]
                o.h.c.i.RegionFactoryInitiator - HHH000026: Second-level cache disabled
2026-07-20 19:51:08.807 [main] INFO  [TraceID: , SpanID: ]
                o.s.o.j.p.SpringPersistenceUnitInfo - No LoadTimeWeaver setup: ignoring JPA class transformer
2026-07-20 19:51:08.829 [main] INFO  [TraceID: , SpanID: ]
                com.zaxxer.hikari.HikariDataSource - HikariPool-1 - Starting...
2026-07-20 19:51:08.975 [main] INFO  [TraceID: , SpanID: ]
                com.zaxxer.hikari.pool.HikariPool - HikariPool-1 - Added connection org.postgresql.jdbc.PgConnection@2af3b054
2026-07-20 19:51:08.976 [main] INFO  [TraceID: , SpanID: ]
                com.zaxxer.hikari.HikariDataSource - HikariPool-1 - Start completed.
2026-07-20 19:51:09.041 [main] INFO  [TraceID: , SpanID: ]
                o.hibernate.orm.connections.pooling - HHH10001005: Database info:
	Database JDBC URL [Connecting through datasource 'HikariDataSource (HikariPool-1)']
	Database driver: undefined/unknown
	Database version: 16.14
	Autocommit mode: undefined/unknown
	Isolation level: undefined/unknown
	Minimum pool size: undefined/unknown
	Maximum pool size: undefined/unknown
2026-07-20 19:51:09.837 [main] INFO  [TraceID: , SpanID: ]
                o.h.e.t.j.p.i.JtaPlatformInitiator - HHH000489: No JTA platform available (set 'hibernate.transaction.jta.platform' to enable JTA platform integration)
2026-07-20 19:51:10.059 [main] INFO  [TraceID: , SpanID: ]
                o.s.o.j.LocalContainerEntityManagerFactoryBean - Initialized JPA EntityManagerFactory for persistence unit 'default'
2026-07-20 19:51:10.319 [main] INFO  [TraceID: , SpanID: ]
                o.s.d.j.r.query.QueryEnhancerFactory - Hibernate is in classpath; If applicable, HQL parser will be used.
2026-07-20 19:51:10.835 [main] WARN  [TraceID: , SpanID: ]
                o.s.b.w.s.c.AnnotationConfigServletWebServerApplicationContext - Exception encountered during context initialization - cancelling refresh attempt: org.springframework.beans.factory.UnsatisfiedDependencyException: Error creating bean with name 'adminUserController' defined in file [C:\My-Portfolio\authentication\target\classes\com\laawe\purchasing\auth\controller\AdminUserController.class]: Unsatisfied dependency expressed through constructor parameter 0: Error creating bean with name 'adminUserServiceImpl' defined in file [C:\My-Portfolio\authentication\target\classes\com\laawe\purchasing\auth\service\impl\AdminUserServiceImpl.class]: Unsatisfied dependency expressed through constructor parameter 0: Error creating bean with name 'userRepository' defined in com.laawe.purchasing.auth.repository.UserRepository defined in @EnableJpaRepositories declared on JpaRepositoriesRegistrar.EnableJpaRepositoriesConfiguration: Could not create query for public abstract org.springframework.data.domain.Page com.laawe.purchasing.auth.repository.UserRepository.findAllIsSuperUsers(org.springframework.data.domain.Pageable); Reason: Validation failed for query for method public abstract org.springframework.data.domain.Page com.laawe.purchasing.auth.repository.UserRepository.findAllIsSuperUsers(org.springframework.data.domain.Pageable)
2026-07-20 19:51:10.835 [main] INFO  [TraceID: , SpanID: ]
                o.s.o.j.LocalContainerEntityManagerFactoryBean - Closing JPA EntityManagerFactory for persistence unit 'default'
2026-07-20 19:51:10.838 [main] INFO  [TraceID: , SpanID: ]
                com.zaxxer.hikari.HikariDataSource - HikariPool-1 - Shutdown initiated...
2026-07-20 19:51:10.842 [main] INFO  [TraceID: , SpanID: ]
                com.zaxxer.hikari.HikariDataSource - HikariPool-1 - Shutdown completed.
2026-07-20 19:51:10.845 [main] INFO  [TraceID: , SpanID: ]
                o.a.catalina.core.StandardService - Stopping service [Tomcat]
2026-07-20 19:51:10.860 [main] INFO  [TraceID: , SpanID: ]
                o.s.b.a.l.ConditionEvaluationReportLogger - 

Error starting ApplicationContext. To display the condition evaluation report re-run your application with 'debug' enabled.
2026-07-20 19:51:10.881 [main] ERROR [TraceID: , SpanID: ]
                o.s.boot.SpringApplication - Application run failed
org.springframework.beans.factory.UnsatisfiedDependencyException: Error creating bean with name 'adminUserController' defined in file [C:\My-Portfolio\authentication\target\classes\com\laawe\purchasing\auth\controller\AdminUserController.class]: Unsatisfied dependency expressed through constructor parameter 0: Error creating bean with name 'adminUserServiceImpl' defined in file [C:\My-Portfolio\authentication\target\classes\com\laawe\purchasing\auth\service\impl\AdminUserServiceImpl.class]: Unsatisfied dependency expressed through constructor parameter 0: Error creating bean with name 'userRepository' defined in com.laawe.purchasing.auth.repository.UserRepository defined in @EnableJpaRepositories declared on JpaRepositoriesRegistrar.EnableJpaRepositoriesConfiguration: Could not create query for public abstract org.springframework.data.domain.Page com.laawe.purchasing.auth.repository.UserRepository.findAllIsSuperUsers(org.springframework.data.domain.Pageable); Reason: Validation failed for query for method public abstract org.springframework.data.domain.Page com.laawe.purchasing.auth.repository.UserRepository.findAllIsSuperUsers(org.springframework.data.domain.Pageable)
	at org.springframework.beans.factory.support.ConstructorResolver.createArgumentArray(ConstructorResolver.java:804)
	at org.springframework.beans.factory.support.ConstructorResolver.autowireConstructor(ConstructorResolver.java:240)
	at org.springframework.beans.factory.support.AbstractAutowireCapableBeanFactory.autowireConstructor(AbstractAutowireCapableBeanFactory.java:1381)
	at org.springframework.beans.factory.support.AbstractAutowireCapableBeanFactory.createBeanInstance(AbstractAutowireCapableBeanFactory.java:1218)
	at org.springframework.beans.factory.support.AbstractAutowireCapableBeanFactory.doCreateBean(AbstractAutowireCapableBeanFactory.java:563)
	at org.springframework.beans.factory.support.AbstractAutowireCapableBeanFactory.createBean(AbstractAutowireCapableBeanFactory.java:523)
	at org.springframework.beans.factory.support.AbstractBeanFactory.lambda$doGetBean$0(AbstractBeanFactory.java:339)
	at org.springframework.beans.factory.support.DefaultSingletonBeanRegistry.getSingleton(DefaultSingletonBeanRegistry.java:346)
	at org.springframework.beans.factory.support.AbstractBeanFactory.doGetBean(AbstractBeanFactory.java:337)
	at org.springframework.beans.factory.support.AbstractBeanFactory.getBean(AbstractBeanFactory.java:202)
	at org.springframework.beans.factory.support.DefaultListableBeanFactory.instantiateSingleton(DefaultListableBeanFactory.java:1155)
	at org.springframework.beans.factory.support.DefaultListableBeanFactory.preInstantiateSingleton(DefaultListableBeanFactory.java:1121)
	at org.springframework.beans.factory.support.DefaultListableBeanFactory.preInstantiateSingletons(DefaultListableBeanFactory.java:1056)
	at org.springframework.context.support.AbstractApplicationContext.finishBeanFactoryInitialization(AbstractApplicationContext.java:987)
	at org.springframework.context.support.AbstractApplicationContext.refresh(AbstractApplicationContext.java:627)
	at org.springframework.boot.web.servlet.context.ServletWebServerApplicationContext.refresh(ServletWebServerApplicationContext.java:146)
	at org.springframework.boot.SpringApplication.refresh(SpringApplication.java:752)
	at org.springframework.boot.SpringApplication.refreshContext(SpringApplication.java:439)
	at org.springframework.boot.SpringApplication.run(SpringApplication.java:318)
	at org.springframework.boot.SpringApplication.run(SpringApplication.java:1361)
	at org.springframework.boot.SpringApplication.run(SpringApplication.java:1350)
	at com.laawe.purchasing.auth.AuthServiceApplication.main(AuthServiceApplication.java:10)
Caused by: org.springframework.beans.factory.UnsatisfiedDependencyException: Error creating bean with name 'adminUserServiceImpl' defined in file [C:\My-Portfolio\authentication\target\classes\com\laawe\purchasing\auth\service\impl\AdminUserServiceImpl.class]: Unsatisfied dependency expressed through constructor parameter 0: Error creating bean with name 'userRepository' defined in com.laawe.purchasing.auth.repository.UserRepository defined in @EnableJpaRepositories declared on JpaRepositoriesRegistrar.EnableJpaRepositoriesConfiguration: Could not create query for public abstract org.springframework.data.domain.Page com.laawe.purchasing.auth.repository.UserRepository.findAllIsSuperUsers(org.springframework.data.domain.Pageable); Reason: Validation failed for query for method public abstract org.springframework.data.domain.Page com.laawe.purchasing.auth.repository.UserRepository.findAllIsSuperUsers(org.springframework.data.domain.Pageable)
	at org.springframework.beans.factory.support.ConstructorResolver.createArgumentArray(ConstructorResolver.java:804)
	at org.springframework.beans.factory.support.ConstructorResolver.autowireConstructor(ConstructorResolver.java:240)
	at org.springframework.beans.factory.support.AbstractAutowireCapableBeanFactory.autowireConstructor(AbstractAutowireCapableBeanFactory.java:1381)
	at org.springframework.beans.factory.support.AbstractAutowireCapableBeanFactory.createBeanInstance(AbstractAutowireCapableBeanFactory.java:1218)
	at org.springframework.beans.factory.support.AbstractAutowireCapableBeanFactory.doCreateBean(AbstractAutowireCapableBeanFactory.java:563)
	at org.springframework.beans.factory.support.AbstractAutowireCapableBeanFactory.createBean(AbstractAutowireCapableBeanFactory.java:523)
	at org.springframework.beans.factory.support.AbstractBeanFactory.lambda$doGetBean$0(AbstractBeanFactory.java:339)
	at org.springframework.beans.factory.support.DefaultSingletonBeanRegistry.getSingleton(DefaultSingletonBeanRegistry.java:346)
	at org.springframework.beans.factory.support.AbstractBeanFactory.doGetBean(AbstractBeanFactory.java:337)
	at org.springframework.beans.factory.support.AbstractBeanFactory.getBean(AbstractBeanFactory.java:202)
	at org.springframework.beans.factory.config.DependencyDescriptor.resolveCandidate(DependencyDescriptor.java:254)
	at org.springframework.beans.factory.support.DefaultListableBeanFactory.doResolveDependency(DefaultListableBeanFactory.java:1664)
	at org.springframework.beans.factory.support.DefaultListableBeanFactory.resolveDependency(DefaultListableBeanFactory.java:1552)
	at org.springframework.beans.factory.support.ConstructorResolver.resolveAutowiredArgument(ConstructorResolver.java:913)
	at org.springframework.beans.factory.support.ConstructorResolver.createArgumentArray(ConstructorResolver.java:791)
	... 21 common frames omitted
Caused by: org.springframework.beans.factory.BeanCreationException: Error creating bean with name 'userRepository' defined in com.laawe.purchasing.auth.repository.UserRepository defined in @EnableJpaRepositories declared on JpaRepositoriesRegistrar.EnableJpaRepositoriesConfiguration: Could not create query for public abstract org.springframework.data.domain.Page com.laawe.purchasing.auth.repository.UserRepository.findAllIsSuperUsers(org.springframework.data.domain.Pageable); Reason: Validation failed for query for method public abstract org.springframework.data.domain.Page com.laawe.purchasing.auth.repository.UserRepository.findAllIsSuperUsers(org.springframework.data.domain.Pageable)
	at org.springframework.beans.factory.support.AbstractAutowireCapableBeanFactory.initializeBean(AbstractAutowireCapableBeanFactory.java:1812)
	at org.springframework.beans.factory.support.AbstractAutowireCapableBeanFactory.doCreateBean(AbstractAutowireCapableBeanFactory.java:601)
	at org.springframework.beans.factory.support.AbstractAutowireCapableBeanFactory.createBean(AbstractAutowireCapableBeanFactory.java:523)
	at org.springframework.beans.factory.support.AbstractBeanFactory.lambda$doGetBean$0(AbstractBeanFactory.java:339)
	at org.springframework.beans.factory.support.DefaultSingletonBeanRegistry.getSingleton(DefaultSingletonBeanRegistry.java:346)
	at org.springframework.beans.factory.support.AbstractBeanFactory.doGetBean(AbstractBeanFactory.java:337)
	at org.springframework.beans.factory.support.AbstractBeanFactory.getBean(AbstractBeanFactory.java:202)
	at org.springframework.beans.factory.support.DefaultListableBeanFactory.doResolveDependency(DefaultListableBeanFactory.java:1606)
	at org.springframework.beans.factory.support.DefaultListableBeanFactory.resolveDependency(DefaultListableBeanFactory.java:1552)
	at org.springframework.beans.factory.support.ConstructorResolver.resolveAutowiredArgument(ConstructorResolver.java:913)
	at org.springframework.beans.factory.support.ConstructorResolver.createArgumentArray(ConstructorResolver.java:791)
	... 35 common frames omitted
Caused by: org.springframework.data.repository.query.QueryCreationException: Could not create query for public abstract org.springframework.data.domain.Page com.laawe.purchasing.auth.repository.UserRepository.findAllIsSuperUsers(org.springframework.data.domain.Pageable); Reason: Validation failed for query for method public abstract org.springframework.data.domain.Page com.laawe.purchasing.auth.repository.UserRepository.findAllIsSuperUsers(org.springframework.data.domain.Pageable)
	at org.springframework.data.repository.query.QueryCreationException.create(QueryCreationException.java:101)
	at org.springframework.data.repository.core.support.QueryExecutorMethodInterceptor.lookupQuery(QueryExecutorMethodInterceptor.java:120)
	at org.springframework.data.repository.core.support.QueryExecutorMethodInterceptor.mapMethodsToQuery(QueryExecutorMethodInterceptor.java:104)
	at org.springframework.data.repository.core.support.QueryExecutorMethodInterceptor.lambda$new$0(QueryExecutorMethodInterceptor.java:92)
	at java.base/java.util.Optional.map(Optional.java:260)
	at org.springframework.data.repository.core.support.QueryExecutorMethodInterceptor.<init>(QueryExecutorMethodInterceptor.java:92)
	at org.springframework.data.repository.core.support.RepositoryFactorySupport.getRepository(RepositoryFactorySupport.java:440)
	at org.springframework.data.repository.core.support.RepositoryFactoryBeanSupport.lambda$afterPropertiesSet$4(RepositoryFactoryBeanSupport.java:350)
	at org.springframework.data.util.Lazy.getNullable(Lazy.java:135)
	at org.springframework.data.util.Lazy.get(Lazy.java:113)
	at org.springframework.data.repository.core.support.RepositoryFactoryBeanSupport.afterPropertiesSet(RepositoryFactoryBeanSupport.java:356)
	at org.springframework.data.jpa.repository.support.JpaRepositoryFactoryBean.afterPropertiesSet(JpaRepositoryFactoryBean.java:132)
	at org.springframework.beans.factory.support.AbstractAutowireCapableBeanFactory.invokeInitMethods(AbstractAutowireCapableBeanFactory.java:1859)
	at org.springframework.beans.factory.support.AbstractAutowireCapableBeanFactory.initializeBean(AbstractAutowireCapableBeanFactory.java:1808)
	... 45 common frames omitted
Caused by: java.lang.IllegalArgumentException: Validation failed for query for method public abstract org.springframework.data.domain.Page com.laawe.purchasing.auth.repository.UserRepository.findAllIsSuperUsers(org.springframework.data.domain.Pageable)
	at org.springframework.data.jpa.repository.query.SimpleJpaQuery.validateQuery(SimpleJpaQuery.java:97)
	at org.springframework.data.jpa.repository.query.SimpleJpaQuery.<init>(SimpleJpaQuery.java:67)
	at org.springframework.data.jpa.repository.query.JpaQueryFactory.fromMethodWithQueryString(JpaQueryFactory.java:49)
	at org.springframework.data.jpa.repository.query.JpaQueryLookupStrategy$DeclaredQueryLookupStrategy.resolveQuery(JpaQueryLookupStrategy.java:174)
	at org.springframework.data.jpa.repository.query.JpaQueryLookupStrategy$CreateIfNotFoundQueryLookupStrategy.resolveQuery(JpaQueryLookupStrategy.java:256)
	at org.springframework.data.jpa.repository.query.JpaQueryLookupStrategy$AbstractQueryLookupStrategy.resolveQuery(JpaQueryLookupStrategy.java:99)
	at org.springframework.data.repository.core.support.QueryExecutorMethodInterceptor.lookupQuery(QueryExecutorMethodInterceptor.java:116)
	... 57 common frames omitted
Caused by: java.lang.IllegalArgumentException: org.hibernate.query.SemanticException: Missing constructor for type 'AllUsersDTO' [SELECT new com.laawe.purchasing.auth.model.dto.AllUsersDTO(u.idf, u.fullName, u.email, u.phoneNumber, r.name, u.employeeId, u.username, u.status, u.isAdmin, u.createdAt) FROM M_User u JOIN u.role r WHERE r.name <> 'SUPERUSER']
	at org.hibernate.internal.ExceptionConverterImpl.convert(ExceptionConverterImpl.java:143)
	at org.hibernate.internal.ExceptionConverterImpl.convert(ExceptionConverterImpl.java:167)
	at org.hibernate.internal.ExceptionConverterImpl.convert(ExceptionConverterImpl.java:173)
	at org.hibernate.internal.AbstractSharedSessionContract.createQuery(AbstractSharedSessionContract.java:886)
	at org.hibernate.internal.AbstractSharedSessionContract.createQuery(AbstractSharedSessionContract.java:796)
	at org.hibernate.internal.AbstractSharedSessionContract.createQuery(AbstractSharedSessionContract.java:143)
	at java.base/jdk.internal.reflect.DirectMethodHandleAccessor.invoke(DirectMethodHandleAccessor.java:103)
	at java.base/java.lang.reflect.Method.invoke(Method.java:580)
	at org.springframework.orm.jpa.ExtendedEntityManagerCreator$ExtendedEntityManagerInvocationHandler.invoke(ExtendedEntityManagerCreator.java:364)
	at jdk.proxy2/jdk.proxy2.$Proxy151.createQuery(Unknown Source)
	at org.springframework.data.jpa.repository.query.SimpleJpaQuery.validateQuery(SimpleJpaQuery.java:91)
	... 63 common frames omitted
Caused by: org.hibernate.query.SemanticException: Missing constructor for type 'AllUsersDTO' [SELECT new com.laawe.purchasing.auth.model.dto.AllUsersDTO(u.idf, u.fullName, u.email, u.phoneNumber, r.name, u.employeeId, u.username, u.status, u.isAdmin, u.createdAt) FROM M_User u JOIN u.role r WHERE r.name <> 'SUPERUSER']
	at org.hibernate.query.hql.internal.SemanticQueryBuilder.visitInstantiation(SemanticQueryBuilder.java:1511)
	at org.hibernate.query.hql.internal.SemanticQueryBuilder.visitInstantiation(SemanticQueryBuilder.java:277)
	at org.hibernate.grammars.hql.HqlParser$InstantiationContext.accept(HqlParser.java:4034)
	at org.hibernate.query.hql.internal.SemanticQueryBuilder.visitSelectableNode(SemanticQueryBuilder.java:1458)
	at org.hibernate.query.hql.internal.SemanticQueryBuilder.visitSelection(SemanticQueryBuilder.java:1412)
	at org.hibernate.query.hql.internal.SemanticQueryBuilder.visitSelectClause(SemanticQueryBuilder.java:1405)
	at org.hibernate.query.hql.internal.SemanticQueryBuilder.visitQuery(SemanticQueryBuilder.java:1254)
	at org.hibernate.query.hql.internal.SemanticQueryBuilder.visitQuerySpecExpression(SemanticQueryBuilder.java:1040)
	at org.hibernate.query.hql.internal.SemanticQueryBuilder.visitQuerySpecExpression(SemanticQueryBuilder.java:277)
	at org.hibernate.grammars.hql.HqlParser$QuerySpecExpressionContext.accept(HqlParser.java:2134)
	at org.hibernate.query.hql.internal.SemanticQueryBuilder.visitSimpleQueryGroup(SemanticQueryBuilder.java:1025)
	at org.hibernate.query.hql.internal.SemanticQueryBuilder.visitSimpleQueryGroup(SemanticQueryBuilder.java:277)
	at org.hibernate.grammars.hql.HqlParser$SimpleQueryGroupContext.accept(HqlParser.java:2005)
	at org.hibernate.query.hql.internal.SemanticQueryBuilder.visitSelectStatement(SemanticQueryBuilder.java:492)
	at org.hibernate.query.hql.internal.SemanticQueryBuilder.visitStatement(SemanticQueryBuilder.java:451)
	at org.hibernate.query.hql.internal.SemanticQueryBuilder.buildSemanticModel(SemanticQueryBuilder.java:324)
	at org.hibernate.query.hql.internal.StandardHqlTranslator.translate(StandardHqlTranslator.java:71)
	at org.hibernate.query.internal.QueryInterpretationCacheStandardImpl.createHqlInterpretation(QueryInterpretationCacheStandardImpl.java:145)
	at org.hibernate.query.internal.QueryInterpretationCacheStandardImpl.resolveHqlInterpretation(QueryInterpretationCacheStandardImpl.java:132)
	at org.hibernate.query.spi.QueryEngine.interpretHql(QueryEngine.java:54)
	at org.hibernate.internal.AbstractSharedSessionContract.interpretHql(AbstractSharedSessionContract.java:832)
	at org.hibernate.internal.AbstractSharedSessionContract.createQuery(AbstractSharedSessionContract.java:878)
	... 70 common frames omitted
2026-07-20 19:57:00.815 [background-preinit] INFO  [TraceID: , SpanID: ]
                o.h.validator.internal.util.Version - HV000001: Hibernate Validator 8.0.2.Final
2026-07-20 19:57:00.855 [main] INFO  [TraceID: , SpanID: ]
                c.l.p.auth.AuthServiceApplication - Starting AuthServiceApplication using Java 21.0.9 with PID 40992 (C:\My-Portfolio\authentication\target\classes started by Asani in C:\My-Portfolio\authentication)
2026-07-20 19:57:00.856 [main] INFO  [TraceID: , SpanID: ]
                c.l.p.auth.AuthServiceApplication - No active profile set, falling back to 1 default profile: "default"
2026-07-20 19:57:01.819 [main] INFO  [TraceID: , SpanID: ]
                o.s.d.r.c.RepositoryConfigurationDelegate - Multiple Spring Data modules found, entering strict repository configuration mode
2026-07-20 19:57:01.821 [main] INFO  [TraceID: , SpanID: ]
                o.s.d.r.c.RepositoryConfigurationDelegate - Bootstrapping Spring Data JPA repositories in DEFAULT mode.
2026-07-20 19:57:01.950 [main] INFO  [TraceID: , SpanID: ]
                o.s.d.r.c.RepositoryConfigurationDelegate - Finished Spring Data repository scanning in 121 ms. Found 3 JPA repository interfaces.
2026-07-20 19:57:01.960 [main] INFO  [TraceID: , SpanID: ]
                o.s.d.r.c.RepositoryConfigurationDelegate - Multiple Spring Data modules found, entering strict repository configuration mode
2026-07-20 19:57:01.961 [main] INFO  [TraceID: , SpanID: ]
                o.s.d.r.c.RepositoryConfigurationDelegate - Bootstrapping Spring Data Redis repositories in DEFAULT mode.
2026-07-20 19:57:01.975 [main] INFO  [TraceID: , SpanID: ]
                o.s.d.r.c.RepositoryConfigurationExtensionSupport - Spring Data Redis - Could not safely identify store assignment for repository candidate interface com.laawe.purchasing.auth.repository.RoleRepository; If you want this repository to be a Redis repository, consider annotating your entities with one of these annotations: org.springframework.data.redis.core.RedisHash (preferred), or consider extending one of the following types with your repository: org.springframework.data.keyvalue.repository.KeyValueRepository
2026-07-20 19:57:01.975 [main] INFO  [TraceID: , SpanID: ]
                o.s.d.r.c.RepositoryConfigurationExtensionSupport - Spring Data Redis - Could not safely identify store assignment for repository candidate interface com.laawe.purchasing.auth.repository.UserDetailRepository; If you want this repository to be a Redis repository, consider annotating your entities with one of these annotations: org.springframework.data.redis.core.RedisHash (preferred), or consider extending one of the following types with your repository: org.springframework.data.keyvalue.repository.KeyValueRepository
2026-07-20 19:57:01.975 [main] INFO  [TraceID: , SpanID: ]
                o.s.d.r.c.RepositoryConfigurationExtensionSupport - Spring Data Redis - Could not safely identify store assignment for repository candidate interface com.laawe.purchasing.auth.repository.UserRepository; If you want this repository to be a Redis repository, consider annotating your entities with one of these annotations: org.springframework.data.redis.core.RedisHash (preferred), or consider extending one of the following types with your repository: org.springframework.data.keyvalue.repository.KeyValueRepository
2026-07-20 19:57:01.975 [main] INFO  [TraceID: , SpanID: ]
                o.s.d.r.c.RepositoryConfigurationDelegate - Finished Spring Data repository scanning in 7 ms. Found 0 Redis repository interfaces.
2026-07-20 19:57:02.669 [main] INFO  [TraceID: , SpanID: ]
                o.s.b.w.e.tomcat.TomcatWebServer - Tomcat initialized with port 8081 (http)
2026-07-20 19:57:02.680 [main] INFO  [TraceID: , SpanID: ]
                o.a.coyote.http11.Http11NioProtocol - Initializing ProtocolHandler ["http-nio-8081"]
2026-07-20 19:57:02.682 [main] INFO  [TraceID: , SpanID: ]
                o.a.catalina.core.StandardService - Starting service [Tomcat]
2026-07-20 19:57:02.683 [main] INFO  [TraceID: , SpanID: ]
                o.a.catalina.core.StandardEngine - Starting Servlet engine: [Apache Tomcat/10.1.36]
2026-07-20 19:57:02.747 [main] INFO  [TraceID: , SpanID: ]
                o.a.c.c.C.[Tomcat].[localhost].[/] - Initializing Spring embedded WebApplicationContext
2026-07-20 19:57:02.747 [main] INFO  [TraceID: , SpanID: ]
                o.s.b.w.s.c.ServletWebServerApplicationContext - Root WebApplicationContext: initialization completed in 1860 ms
2026-07-20 19:57:03.149 [main] INFO  [TraceID: , SpanID: ]
                o.h.jpa.internal.util.LogHelper - HHH000204: Processing PersistenceUnitInfo [name: default]
2026-07-20 19:57:03.189 [main] INFO  [TraceID: , SpanID: ]
                org.hibernate.Version - HHH000412: Hibernate ORM core version 6.6.8.Final
2026-07-20 19:57:03.216 [main] INFO  [TraceID: , SpanID: ]
                o.h.c.i.RegionFactoryInitiator - HHH000026: Second-level cache disabled
2026-07-20 19:57:03.449 [main] INFO  [TraceID: , SpanID: ]
                o.s.o.j.p.SpringPersistenceUnitInfo - No LoadTimeWeaver setup: ignoring JPA class transformer
2026-07-20 19:57:03.472 [main] INFO  [TraceID: , SpanID: ]
                com.zaxxer.hikari.HikariDataSource - HikariPool-1 - Starting...
2026-07-20 19:57:03.618 [main] INFO  [TraceID: , SpanID: ]
                com.zaxxer.hikari.pool.HikariPool - HikariPool-1 - Added connection org.postgresql.jdbc.PgConnection@6fd2acf5
2026-07-20 19:57:03.620 [main] INFO  [TraceID: , SpanID: ]
                com.zaxxer.hikari.HikariDataSource - HikariPool-1 - Start completed.
2026-07-20 19:57:03.681 [main] INFO  [TraceID: , SpanID: ]
                o.hibernate.orm.connections.pooling - HHH10001005: Database info:
	Database JDBC URL [Connecting through datasource 'HikariDataSource (HikariPool-1)']
	Database driver: undefined/unknown
	Database version: 16.14
	Autocommit mode: undefined/unknown
	Isolation level: undefined/unknown
	Minimum pool size: undefined/unknown
	Maximum pool size: undefined/unknown
2026-07-20 19:57:04.563 [main] INFO  [TraceID: , SpanID: ]
                o.h.e.t.j.p.i.JtaPlatformInitiator - HHH000489: No JTA platform available (set 'hibernate.transaction.jta.platform' to enable JTA platform integration)
2026-07-20 19:57:04.800 [main] INFO  [TraceID: , SpanID: ]
                o.s.o.j.LocalContainerEntityManagerFactoryBean - Initialized JPA EntityManagerFactory for persistence unit 'default'
2026-07-20 19:57:05.076 [main] INFO  [TraceID: , SpanID: ]
                o.s.d.j.r.query.QueryEnhancerFactory - Hibernate is in classpath; If applicable, HQL parser will be used.
2026-07-20 19:57:06.160 [main] WARN  [TraceID: , SpanID: ]
                o.s.b.a.o.j.JpaBaseConfiguration$JpaWebConfiguration - spring.jpa.open-in-view is enabled by default. Therefore, database queries may be performed during view rendering. Explicitly configure spring.jpa.open-in-view to disable this warning
2026-07-20 19:57:06.607 [main] INFO  [TraceID: , SpanID: ]
                o.s.b.a.e.web.EndpointLinksResolver - Exposing 1 endpoint beneath base path '/actuator'
2026-07-20 19:57:07.353 [main] INFO  [TraceID: , SpanID: ]
                o.a.coyote.http11.Http11NioProtocol - Starting ProtocolHandler ["http-nio-8081"]
2026-07-20 19:57:07.376 [main] INFO  [TraceID: , SpanID: ]
                o.s.b.w.e.tomcat.TomcatWebServer - Tomcat started on port 8081 (http) with context path '/'
2026-07-20 19:57:07.395 [main] INFO  [TraceID: , SpanID: ]
                c.l.p.auth.AuthServiceApplication - Started AuthServiceApplication in 6.966 seconds (process running for 7.267)
2026-07-20 19:57:25.500 [http-nio-8081-exec-1] INFO  [TraceID: , SpanID: ]
                o.a.c.c.C.[Tomcat].[localhost].[/] - Initializing Spring DispatcherServlet 'dispatcherServlet'
2026-07-20 19:57:25.500 [http-nio-8081-exec-1] INFO  [TraceID: , SpanID: ]
                o.s.web.servlet.DispatcherServlet - Initializing Servlet 'dispatcherServlet'
2026-07-20 19:57:25.502 [http-nio-8081-exec-1] INFO  [TraceID: , SpanID: ]
                o.s.web.servlet.DispatcherServlet - Completed initialization in 2 ms
2026-07-20 19:57:25.709 [http-nio-8081-exec-1] DEBUG [TraceID: 6a5e1b353291359e2774b88a4edb1271, SpanID: 45cafc31bafa8d07]
                org.hibernate.SQL - select r1_0.role_name from public.m_user mu1_0 join public.m_role r1_0 on r1_0.role_id=mu1_0.user_role_id where mu1_0.user_idf=? and r1_0.role_name='SUPERUSER'
2026-07-20 19:57:25.757 [http-nio-8081-exec-1] DEBUG [TraceID: 6a5e1b353291359e2774b88a4edb1271, SpanID: 45cafc31bafa8d07]
                org.hibernate.SQL - select mu1_0.user_idf,mu1_0.user_full_name,mu1_0.user_email,mu1_0.user_phone_number,r1_0.role_name,mu1_0.user_employee_id,mu1_0.user_username,mu1_0.user_status,mu1_0.user_is_admin,mu1_0.user_created_at from public.m_user mu1_0 join public.m_role r1_0 on r1_0.role_id=mu1_0.user_role_id where r1_0.role_name<>'SUPERUSER' order by mu1_0.user_created_at desc fetch first ? rows only
2026-07-20 19:57:32.305 [http-nio-8081-exec-3] DEBUG [TraceID: 6a5e1b3c96f302e4181bee71d2d90e1d, SpanID: 9fcc24b6d221a8bb]
                org.hibernate.SQL - select r1_0.role_name from public.m_user mu1_0 join public.m_role r1_0 on r1_0.role_id=mu1_0.user_role_id where mu1_0.user_idf=? and r1_0.role_name='SUPERUSER'
2026-07-20 19:57:32.309 [http-nio-8081-exec-3] DEBUG [TraceID: 6a5e1b3c96f302e4181bee71d2d90e1d, SpanID: 9fcc24b6d221a8bb]
                org.hibernate.SQL - select mu1_0.user_idf,mu1_0.user_full_name,mu1_0.user_email,mu1_0.user_phone_number,r1_0.role_name,mu1_0.user_employee_id,mu1_0.user_username,mu1_0.user_status,mu1_0.user_is_admin,mu1_0.user_created_at from public.m_user mu1_0 join public.m_role r1_0 on r1_0.role_id=mu1_0.user_role_id where r1_0.role_name<>'SUPERUSER' order by mu1_0.user_created_at desc fetch first ? rows only
2026-07-20 19:57:38.505 [http-nio-8081-exec-2] DEBUG [TraceID: 6a5e1b4267edd1162f8de689582174d5, SpanID: 84f580a18a36576e]
                org.hibernate.SQL - select r1_0.role_name from public.m_user mu1_0 join public.m_role r1_0 on r1_0.role_id=mu1_0.user_role_id where mu1_0.user_idf=? and r1_0.role_name='SUPERUSER'
2026-07-20 19:57:38.508 [http-nio-8081-exec-2] DEBUG [TraceID: 6a5e1b4267edd1162f8de689582174d5, SpanID: 84f580a18a36576e]
                org.hibernate.SQL - select mu1_0.user_idf,mu1_0.user_full_name,mu1_0.user_email,mu1_0.user_phone_number,r1_0.role_name,mu1_0.user_employee_id,mu1_0.user_username,mu1_0.user_status,mu1_0.user_is_admin,mu1_0.user_created_at from public.m_user mu1_0 join public.m_role r1_0 on r1_0.role_id=mu1_0.user_role_id where r1_0.role_name<>'SUPERUSER' order by mu1_0.user_created_at desc fetch first ? rows only
2026-07-20 19:59:17.624 [background-preinit] INFO  [TraceID: , SpanID: ]
                o.h.validator.internal.util.Version - HV000001: Hibernate Validator 8.0.2.Final
2026-07-20 19:59:17.673 [main] INFO  [TraceID: , SpanID: ]
                c.l.p.auth.AuthServiceApplication - Starting AuthServiceApplication using Java 21.0.9 with PID 34436 (C:\My-Portfolio\authentication\target\classes started by Asani in C:\My-Portfolio\authentication)
2026-07-20 19:59:17.673 [main] INFO  [TraceID: , SpanID: ]
                c.l.p.auth.AuthServiceApplication - No active profile set, falling back to 1 default profile: "default"
2026-07-20 19:59:18.801 [main] INFO  [TraceID: , SpanID: ]
                o.s.d.r.c.RepositoryConfigurationDelegate - Multiple Spring Data modules found, entering strict repository configuration mode
2026-07-20 19:59:18.803 [main] INFO  [TraceID: , SpanID: ]
                o.s.d.r.c.RepositoryConfigurationDelegate - Bootstrapping Spring Data JPA repositories in DEFAULT mode.
2026-07-20 19:59:18.946 [main] INFO  [TraceID: , SpanID: ]
                o.s.d.r.c.RepositoryConfigurationDelegate - Finished Spring Data repository scanning in 136 ms. Found 3 JPA repository interfaces.
2026-07-20 19:59:18.958 [main] INFO  [TraceID: , SpanID: ]
                o.s.d.r.c.RepositoryConfigurationDelegate - Multiple Spring Data modules found, entering strict repository configuration mode
2026-07-20 19:59:18.959 [main] INFO  [TraceID: , SpanID: ]
                o.s.d.r.c.RepositoryConfigurationDelegate - Bootstrapping Spring Data Redis repositories in DEFAULT mode.
2026-07-20 19:59:18.974 [main] INFO  [TraceID: , SpanID: ]
                o.s.d.r.c.RepositoryConfigurationExtensionSupport - Spring Data Redis - Could not safely identify store assignment for repository candidate interface com.laawe.purchasing.auth.repository.RoleRepository; If you want this repository to be a Redis repository, consider annotating your entities with one of these annotations: org.springframework.data.redis.core.RedisHash (preferred), or consider extending one of the following types with your repository: org.springframework.data.keyvalue.repository.KeyValueRepository
2026-07-20 19:59:18.974 [main] INFO  [TraceID: , SpanID: ]
                o.s.d.r.c.RepositoryConfigurationExtensionSupport - Spring Data Redis - Could not safely identify store assignment for repository candidate interface com.laawe.purchasing.auth.repository.UserDetailRepository; If you want this repository to be a Redis repository, consider annotating your entities with one of these annotations: org.springframework.data.redis.core.RedisHash (preferred), or consider extending one of the following types with your repository: org.springframework.data.keyvalue.repository.KeyValueRepository
2026-07-20 19:59:18.974 [main] INFO  [TraceID: , SpanID: ]
                o.s.d.r.c.RepositoryConfigurationExtensionSupport - Spring Data Redis - Could not safely identify store assignment for repository candidate interface com.laawe.purchasing.auth.repository.UserRepository; If you want this repository to be a Redis repository, consider annotating your entities with one of these annotations: org.springframework.data.redis.core.RedisHash (preferred), or consider extending one of the following types with your repository: org.springframework.data.keyvalue.repository.KeyValueRepository
2026-07-20 19:59:18.974 [main] INFO  [TraceID: , SpanID: ]
                o.s.d.r.c.RepositoryConfigurationDelegate - Finished Spring Data repository scanning in 7 ms. Found 0 Redis repository interfaces.
2026-07-20 19:59:19.753 [main] INFO  [TraceID: , SpanID: ]
                o.s.b.w.e.tomcat.TomcatWebServer - Tomcat initialized with port 8081 (http)
2026-07-20 19:59:19.767 [main] INFO  [TraceID: , SpanID: ]
                o.a.coyote.http11.Http11NioProtocol - Initializing ProtocolHandler ["http-nio-8081"]
2026-07-20 19:59:19.770 [main] INFO  [TraceID: , SpanID: ]
                o.a.catalina.core.StandardService - Starting service [Tomcat]
2026-07-20 19:59:19.771 [main] INFO  [TraceID: , SpanID: ]
                o.a.catalina.core.StandardEngine - Starting Servlet engine: [Apache Tomcat/10.1.36]
2026-07-20 19:59:19.852 [main] INFO  [TraceID: , SpanID: ]
                o.a.c.c.C.[Tomcat].[localhost].[/] - Initializing Spring embedded WebApplicationContext
2026-07-20 19:59:19.852 [main] INFO  [TraceID: , SpanID: ]
                o.s.b.w.s.c.ServletWebServerApplicationContext - Root WebApplicationContext: initialization completed in 2139 ms
2026-07-20 19:59:20.295 [main] INFO  [TraceID: , SpanID: ]
                o.h.jpa.internal.util.LogHelper - HHH000204: Processing PersistenceUnitInfo [name: default]
2026-07-20 19:59:20.335 [main] INFO  [TraceID: , SpanID: ]
                org.hibernate.Version - HHH000412: Hibernate ORM core version 6.6.8.Final
2026-07-20 19:59:20.361 [main] INFO  [TraceID: , SpanID: ]
                o.h.c.i.RegionFactoryInitiator - HHH000026: Second-level cache disabled
2026-07-20 19:59:20.579 [main] INFO  [TraceID: , SpanID: ]
                o.s.o.j.p.SpringPersistenceUnitInfo - No LoadTimeWeaver setup: ignoring JPA class transformer
2026-07-20 19:59:20.602 [main] INFO  [TraceID: , SpanID: ]
                com.zaxxer.hikari.HikariDataSource - HikariPool-1 - Starting...
2026-07-20 19:59:20.737 [main] INFO  [TraceID: , SpanID: ]
                com.zaxxer.hikari.pool.HikariPool - HikariPool-1 - Added connection org.postgresql.jdbc.PgConnection@6d035815
2026-07-20 19:59:20.738 [main] INFO  [TraceID: , SpanID: ]
                com.zaxxer.hikari.HikariDataSource - HikariPool-1 - Start completed.
2026-07-20 19:59:20.791 [main] INFO  [TraceID: , SpanID: ]
                o.hibernate.orm.connections.pooling - HHH10001005: Database info:
	Database JDBC URL [Connecting through datasource 'HikariDataSource (HikariPool-1)']
	Database driver: undefined/unknown
	Database version: 16.14
	Autocommit mode: undefined/unknown
	Isolation level: undefined/unknown
	Minimum pool size: undefined/unknown
	Maximum pool size: undefined/unknown
2026-07-20 19:59:21.574 [main] INFO  [TraceID: , SpanID: ]
                o.h.e.t.j.p.i.JtaPlatformInitiator - HHH000489: No JTA platform available (set 'hibernate.transaction.jta.platform' to enable JTA platform integration)
2026-07-20 19:59:21.796 [main] INFO  [TraceID: , SpanID: ]
                o.s.o.j.LocalContainerEntityManagerFactoryBean - Initialized JPA EntityManagerFactory for persistence unit 'default'
2026-07-20 19:59:22.057 [main] INFO  [TraceID: , SpanID: ]
                o.s.d.j.r.query.QueryEnhancerFactory - Hibernate is in classpath; If applicable, HQL parser will be used.
2026-07-20 19:59:23.263 [main] WARN  [TraceID: , SpanID: ]
                o.s.b.a.o.j.JpaBaseConfiguration$JpaWebConfiguration - spring.jpa.open-in-view is enabled by default. Therefore, database queries may be performed during view rendering. Explicitly configure spring.jpa.open-in-view to disable this warning
2026-07-20 19:59:23.638 [main] INFO  [TraceID: , SpanID: ]
                o.s.b.a.e.web.EndpointLinksResolver - Exposing 1 endpoint beneath base path '/actuator'
2026-07-20 19:59:24.160 [main] INFO  [TraceID: , SpanID: ]
                o.a.coyote.http11.Http11NioProtocol - Starting ProtocolHandler ["http-nio-8081"]
2026-07-20 19:59:24.183 [main] INFO  [TraceID: , SpanID: ]
                o.s.b.w.e.tomcat.TomcatWebServer - Tomcat started on port 8081 (http) with context path '/'
2026-07-20 19:59:24.196 [main] INFO  [TraceID: , SpanID: ]
                c.l.p.auth.AuthServiceApplication - Started AuthServiceApplication in 7.052 seconds (process running for 7.413)
2026-07-20 19:59:56.952 [http-nio-8081-exec-1] INFO  [TraceID: , SpanID: ]
                o.a.c.c.C.[Tomcat].[localhost].[/] - Initializing Spring DispatcherServlet 'dispatcherServlet'
2026-07-20 19:59:56.953 [http-nio-8081-exec-1] INFO  [TraceID: , SpanID: ]
                o.s.web.servlet.DispatcherServlet - Initializing Servlet 'dispatcherServlet'
2026-07-20 19:59:56.955 [http-nio-8081-exec-1] INFO  [TraceID: , SpanID: ]
                o.s.web.servlet.DispatcherServlet - Completed initialization in 2 ms
2026-07-20 19:59:57.026 [http-nio-8081-exec-1] INFO  [TraceID: 6a5e1bcc09f59d28d3aefcf96289747e, SpanID: f14b7a248da015ce]
                c.l.p.a.s.impl.AdminUserServiceImpl - RECEIVED ALL USERS REQUEST BY USERS bf84949f-28a5-47e7-8408-f09019b8ebb2
2026-07-20 19:59:57.072 [http-nio-8081-exec-1] DEBUG [TraceID: 6a5e1bcc09f59d28d3aefcf96289747e, SpanID: f14b7a248da015ce]
                org.hibernate.SQL - select r1_0.role_name from public.m_user mu1_0 join public.m_role r1_0 on r1_0.role_id=mu1_0.user_role_id where mu1_0.user_idf=? and r1_0.role_name='SUPERUSER'
2026-07-20 19:59:57.101 [http-nio-8081-exec-1] DEBUG [TraceID: 6a5e1bcc09f59d28d3aefcf96289747e, SpanID: f14b7a248da015ce]
                org.hibernate.SQL - select mu1_0.user_idf,mu1_0.user_full_name,mu1_0.user_email,mu1_0.user_phone_number,r1_0.role_name,mu1_0.user_employee_id,mu1_0.user_username,mu1_0.user_status,mu1_0.user_is_admin,mu1_0.user_created_at from public.m_user mu1_0 join public.m_role r1_0 on r1_0.role_id=mu1_0.user_role_id where r1_0.role_name<>'SUPERUSER' order by mu1_0.user_created_at desc fetch first ? rows only
2026-07-20 19:59:57.108 [http-nio-8081-exec-1] INFO  [TraceID: 6a5e1bcc09f59d28d3aefcf96289747e, SpanID: f14b7a248da015ce]
                c.l.p.a.s.impl.AdminUserServiceImpl - SUCCESS GET ALL USERS DATA BY USERS bf84949f-28a5-47e7-8408-f09019b8ebb2
2026-07-20 20:00:02.902 [http-nio-8081-exec-6] INFO  [TraceID: 6a5e1bd2f419fee18033d7073abf8d4e, SpanID: d93a60f482c2ceac]
                c.l.p.a.s.impl.AdminUserServiceImpl - RECEIVED ALL USERS REQUEST BY USERS bf84949f-28a5-47e7-8408-f09019b8ebb2
2026-07-20 20:00:02.903 [http-nio-8081-exec-6] DEBUG [TraceID: 6a5e1bd2f419fee18033d7073abf8d4e, SpanID: d93a60f482c2ceac]
                org.hibernate.SQL - select r1_0.role_name from public.m_user mu1_0 join public.m_role r1_0 on r1_0.role_id=mu1_0.user_role_id where mu1_0.user_idf=? and r1_0.role_name='SUPERUSER'
2026-07-20 20:00:02.907 [http-nio-8081-exec-6] DEBUG [TraceID: 6a5e1bd2f419fee18033d7073abf8d4e, SpanID: d93a60f482c2ceac]
                org.hibernate.SQL - select mu1_0.user_idf,mu1_0.user_full_name,mu1_0.user_email,mu1_0.user_phone_number,r1_0.role_name,mu1_0.user_employee_id,mu1_0.user_username,mu1_0.user_status,mu1_0.user_is_admin,mu1_0.user_created_at from public.m_user mu1_0 join public.m_role r1_0 on r1_0.role_id=mu1_0.user_role_id where r1_0.role_name<>'SUPERUSER' order by mu1_0.user_created_at desc fetch first ? rows only
2026-07-20 20:00:02.908 [http-nio-8081-exec-6] INFO  [TraceID: 6a5e1bd2f419fee18033d7073abf8d4e, SpanID: d93a60f482c2ceac]
                c.l.p.a.s.impl.AdminUserServiceImpl - SUCCESS GET ALL USERS DATA BY USERS bf84949f-28a5-47e7-8408-f09019b8ebb2
2026-07-20 20:06:30.596 [background-preinit] INFO  [TraceID: , SpanID: ]
                o.h.validator.internal.util.Version - HV000001: Hibernate Validator 8.0.2.Final
2026-07-20 20:06:30.655 [main] INFO  [TraceID: , SpanID: ]
                c.l.p.auth.AuthServiceApplication - Starting AuthServiceApplication using Java 21.0.9 with PID 19136 (C:\My-Portfolio\authentication\target\classes started by Asani in C:\My-Portfolio\authentication)
2026-07-20 20:06:30.656 [main] INFO  [TraceID: , SpanID: ]
                c.l.p.auth.AuthServiceApplication - No active profile set, falling back to 1 default profile: "default"
2026-07-20 20:06:31.823 [main] INFO  [TraceID: , SpanID: ]
                o.s.d.r.c.RepositoryConfigurationDelegate - Multiple Spring Data modules found, entering strict repository configuration mode
2026-07-20 20:06:31.825 [main] INFO  [TraceID: , SpanID: ]
                o.s.d.r.c.RepositoryConfigurationDelegate - Bootstrapping Spring Data JPA repositories in DEFAULT mode.
2026-07-20 20:06:31.950 [main] INFO  [TraceID: , SpanID: ]
                o.s.d.r.c.RepositoryConfigurationDelegate - Finished Spring Data repository scanning in 118 ms. Found 3 JPA repository interfaces.
2026-07-20 20:06:31.962 [main] INFO  [TraceID: , SpanID: ]
                o.s.d.r.c.RepositoryConfigurationDelegate - Multiple Spring Data modules found, entering strict repository configuration mode
2026-07-20 20:06:31.963 [main] INFO  [TraceID: , SpanID: ]
                o.s.d.r.c.RepositoryConfigurationDelegate - Bootstrapping Spring Data Redis repositories in DEFAULT mode.
2026-07-20 20:06:31.983 [main] INFO  [TraceID: , SpanID: ]
                o.s.d.r.c.RepositoryConfigurationExtensionSupport - Spring Data Redis - Could not safely identify store assignment for repository candidate interface com.laawe.purchasing.auth.repository.RoleRepository; If you want this repository to be a Redis repository, consider annotating your entities with one of these annotations: org.springframework.data.redis.core.RedisHash (preferred), or consider extending one of the following types with your repository: org.springframework.data.keyvalue.repository.KeyValueRepository
2026-07-20 20:06:31.983 [main] INFO  [TraceID: , SpanID: ]
                o.s.d.r.c.RepositoryConfigurationExtensionSupport - Spring Data Redis - Could not safely identify store assignment for repository candidate interface com.laawe.purchasing.auth.repository.UserDetailRepository; If you want this repository to be a Redis repository, consider annotating your entities with one of these annotations: org.springframework.data.redis.core.RedisHash (preferred), or consider extending one of the following types with your repository: org.springframework.data.keyvalue.repository.KeyValueRepository
2026-07-20 20:06:31.983 [main] INFO  [TraceID: , SpanID: ]
                o.s.d.r.c.RepositoryConfigurationExtensionSupport - Spring Data Redis - Could not safely identify store assignment for repository candidate interface com.laawe.purchasing.auth.repository.UserRepository; If you want this repository to be a Redis repository, consider annotating your entities with one of these annotations: org.springframework.data.redis.core.RedisHash (preferred), or consider extending one of the following types with your repository: org.springframework.data.keyvalue.repository.KeyValueRepository
2026-07-20 20:06:31.983 [main] INFO  [TraceID: , SpanID: ]
                o.s.d.r.c.RepositoryConfigurationDelegate - Finished Spring Data repository scanning in 13 ms. Found 0 Redis repository interfaces.
2026-07-20 20:06:32.828 [main] INFO  [TraceID: , SpanID: ]
                o.s.b.w.e.tomcat.TomcatWebServer - Tomcat initialized with port 8081 (http)
2026-07-20 20:06:32.843 [main] INFO  [TraceID: , SpanID: ]
                o.a.coyote.http11.Http11NioProtocol - Initializing ProtocolHandler ["http-nio-8081"]
2026-07-20 20:06:32.846 [main] INFO  [TraceID: , SpanID: ]
                o.a.catalina.core.StandardService - Starting service [Tomcat]
2026-07-20 20:06:32.846 [main] INFO  [TraceID: , SpanID: ]
                o.a.catalina.core.StandardEngine - Starting Servlet engine: [Apache Tomcat/10.1.36]
2026-07-20 20:06:32.932 [main] INFO  [TraceID: , SpanID: ]
                o.a.c.c.C.[Tomcat].[localhost].[/] - Initializing Spring embedded WebApplicationContext
2026-07-20 20:06:32.932 [main] INFO  [TraceID: , SpanID: ]
                o.s.b.w.s.c.ServletWebServerApplicationContext - Root WebApplicationContext: initialization completed in 2222 ms
2026-07-20 20:06:33.403 [main] INFO  [TraceID: , SpanID: ]
                o.h.jpa.internal.util.LogHelper - HHH000204: Processing PersistenceUnitInfo [name: default]
2026-07-20 20:06:33.447 [main] INFO  [TraceID: , SpanID: ]
                org.hibernate.Version - HHH000412: Hibernate ORM core version 6.6.8.Final
2026-07-20 20:06:33.474 [main] INFO  [TraceID: , SpanID: ]
                o.h.c.i.RegionFactoryInitiator - HHH000026: Second-level cache disabled
2026-07-20 20:06:33.702 [main] INFO  [TraceID: , SpanID: ]
                o.s.o.j.p.SpringPersistenceUnitInfo - No LoadTimeWeaver setup: ignoring JPA class transformer
2026-07-20 20:06:33.726 [main] INFO  [TraceID: , SpanID: ]
                com.zaxxer.hikari.HikariDataSource - HikariPool-1 - Starting...
2026-07-20 20:06:33.873 [main] INFO  [TraceID: , SpanID: ]
                com.zaxxer.hikari.pool.HikariPool - HikariPool-1 - Added connection org.postgresql.jdbc.PgConnection@7e28f150
2026-07-20 20:06:33.876 [main] INFO  [TraceID: , SpanID: ]
                com.zaxxer.hikari.HikariDataSource - HikariPool-1 - Start completed.
2026-07-20 20:06:33.966 [main] INFO  [TraceID: , SpanID: ]
                o.hibernate.orm.connections.pooling - HHH10001005: Database info:
	Database JDBC URL [Connecting through datasource 'HikariDataSource (HikariPool-1)']
	Database driver: undefined/unknown
	Database version: 16.14
	Autocommit mode: undefined/unknown
	Isolation level: undefined/unknown
	Minimum pool size: undefined/unknown
	Maximum pool size: undefined/unknown
2026-07-20 20:06:34.998 [main] INFO  [TraceID: , SpanID: ]
                o.h.e.t.j.p.i.JtaPlatformInitiator - HHH000489: No JTA platform available (set 'hibernate.transaction.jta.platform' to enable JTA platform integration)
2026-07-20 20:06:35.257 [main] INFO  [TraceID: , SpanID: ]
                o.s.o.j.LocalContainerEntityManagerFactoryBean - Initialized JPA EntityManagerFactory for persistence unit 'default'
2026-07-20 20:06:35.552 [main] INFO  [TraceID: , SpanID: ]
                o.s.d.j.r.query.QueryEnhancerFactory - Hibernate is in classpath; If applicable, HQL parser will be used.
2026-07-20 20:06:36.550 [main] WARN  [TraceID: , SpanID: ]
                o.s.b.a.o.j.JpaBaseConfiguration$JpaWebConfiguration - spring.jpa.open-in-view is enabled by default. Therefore, database queries may be performed during view rendering. Explicitly configure spring.jpa.open-in-view to disable this warning
2026-07-20 20:06:36.912 [main] INFO  [TraceID: , SpanID: ]
                o.s.b.a.e.web.EndpointLinksResolver - Exposing 1 endpoint beneath base path '/actuator'
2026-07-20 20:06:37.469 [main] INFO  [TraceID: , SpanID: ]
                o.a.coyote.http11.Http11NioProtocol - Starting ProtocolHandler ["http-nio-8081"]
2026-07-20 20:06:37.496 [main] INFO  [TraceID: , SpanID: ]
                o.s.b.w.e.tomcat.TomcatWebServer - Tomcat started on port 8081 (http) with context path '/'
2026-07-20 20:06:37.510 [main] INFO  [TraceID: , SpanID: ]
                c.l.p.auth.AuthServiceApplication - Started AuthServiceApplication in 7.437 seconds (process running for 7.854)
2026-07-20 20:06:44.319 [http-nio-8081-exec-1] INFO  [TraceID: , SpanID: ]
                o.a.c.c.C.[Tomcat].[localhost].[/] - Initializing Spring DispatcherServlet 'dispatcherServlet'
2026-07-20 20:06:44.319 [http-nio-8081-exec-1] INFO  [TraceID: , SpanID: ]
                o.s.web.servlet.DispatcherServlet - Initializing Servlet 'dispatcherServlet'
2026-07-20 20:06:44.320 [http-nio-8081-exec-1] INFO  [TraceID: , SpanID: ]
                o.s.web.servlet.DispatcherServlet - Completed initialization in 1 ms
2026-07-20 20:06:44.382 [http-nio-8081-exec-1] INFO  [TraceID: 6a5e1d646620939d2f51e360b19b7015, SpanID: fe41012dc4af40bf]
                c.l.p.a.s.impl.AdminUserServiceImpl - RECEIVE REQUEST TO GET PROFILE bf84949f-28a5-47e7-8408-f09019b8ebb2
2026-07-20 20:06:44.431 [http-nio-8081-exec-1] DEBUG [TraceID: 6a5e1d646620939d2f51e360b19b7015, SpanID: fe41012dc4af40bf]
                org.hibernate.SQL - select mud1_0.user_detail_department_name,mud1_0.user_avatar,mud1_0.user_office_location,u1_0.user_idf,u1_0.user_full_name,u1_0.user_email,u1_0.user_employee_id,u1_0.user_username,u1_0.user_phone_number,u1_0.user_status,u1_0.user_is_admin,u1_0.user_created_at,r1_0.role_name from public.m_user_detail mud1_0 join public.m_user u1_0 on u1_0.user_id=mud1_0.user_id join public.m_role r1_0 on r1_0.role_id=u1_0.user_role_id where u1_0.user_idf=?
2026-07-20 20:06:44.449 [http-nio-8081-exec-1] INFO  [TraceID: 6a5e1d646620939d2f51e360b19b7015, SpanID: fe41012dc4af40bf]
                c.l.p.a.s.impl.AdminUserServiceImpl - SUCCESS GET PROFILE bf84949f-28a5-47e7-8408-f09019b8ebb2
2026-07-20 20:06:49.399 [http-nio-8081-exec-2] INFO  [TraceID: 6a5e1d69142e22e50e4771611b7d440f, SpanID: 4fd17d50ef2e0677]
                c.l.p.a.s.impl.AdminUserServiceImpl - RECEIVE REQUEST TO GET PROFILE bf84949f-28a5-47e7-8408-f09019b8ebb2
2026-07-20 20:06:49.402 [http-nio-8081-exec-2] DEBUG [TraceID: 6a5e1d69142e22e50e4771611b7d440f, SpanID: 4fd17d50ef2e0677]
                org.hibernate.SQL - select mud1_0.user_detail_department_name,mud1_0.user_avatar,mud1_0.user_office_location,u1_0.user_idf,u1_0.user_full_name,u1_0.user_email,u1_0.user_employee_id,u1_0.user_username,u1_0.user_phone_number,u1_0.user_status,u1_0.user_is_admin,u1_0.user_created_at,r1_0.role_name from public.m_user_detail mud1_0 join public.m_user u1_0 on u1_0.user_id=mud1_0.user_id join public.m_role r1_0 on r1_0.role_id=u1_0.user_role_id where u1_0.user_idf=?
2026-07-20 20:06:49.406 [http-nio-8081-exec-2] INFO  [TraceID: 6a5e1d69142e22e50e4771611b7d440f, SpanID: 4fd17d50ef2e0677]
                c.l.p.a.s.impl.AdminUserServiceImpl - SUCCESS GET PROFILE bf84949f-28a5-47e7-8408-f09019b8ebb2
2026-07-20 20:06:55.560 [http-nio-8081-exec-3] INFO  [TraceID: 6a5e1d6fbe12d5def7105fa7c8b210d7, SpanID: 9d8b7d8209e5c40e]
                c.l.p.a.s.impl.AdminUserServiceImpl - RECEIVE REQUEST TO GET PROFILE bf84949f-28a5-47e7-8408-f09019b8ebb2
2026-07-20 20:06:55.560 [http-nio-8081-exec-3] DEBUG [TraceID: 6a5e1d6fbe12d5def7105fa7c8b210d7, SpanID: 9d8b7d8209e5c40e]
                org.hibernate.SQL - select mud1_0.user_detail_department_name,mud1_0.user_avatar,mud1_0.user_office_location,u1_0.user_idf,u1_0.user_full_name,u1_0.user_email,u1_0.user_employee_id,u1_0.user_username,u1_0.user_phone_number,u1_0.user_status,u1_0.user_is_admin,u1_0.user_created_at,r1_0.role_name from public.m_user_detail mud1_0 join public.m_user u1_0 on u1_0.user_id=mud1_0.user_id join public.m_role r1_0 on r1_0.role_id=u1_0.user_role_id where u1_0.user_idf=?
2026-07-20 20:06:55.563 [http-nio-8081-exec-3] INFO  [TraceID: 6a5e1d6fbe12d5def7105fa7c8b210d7, SpanID: 9d8b7d8209e5c40e]
                c.l.p.a.s.impl.AdminUserServiceImpl - SUCCESS GET PROFILE bf84949f-28a5-47e7-8408-f09019b8ebb2
2026-07-20 20:06:57.775 [http-nio-8081-exec-4] INFO  [TraceID: 6a5e1d716e75a752a13583eaac05f2ea, SpanID: d0748b15b9c01ab9]
                c.l.p.a.s.impl.AdminUserServiceImpl - RECEIVE REQUEST TO GET PROFILE bf84949f-28a5-47e7-8408-f09019b8ebb2
2026-07-20 20:06:57.775 [http-nio-8081-exec-4] DEBUG [TraceID: 6a5e1d716e75a752a13583eaac05f2ea, SpanID: d0748b15b9c01ab9]
                org.hibernate.SQL - select mud1_0.user_detail_department_name,mud1_0.user_avatar,mud1_0.user_office_location,u1_0.user_idf,u1_0.user_full_name,u1_0.user_email,u1_0.user_employee_id,u1_0.user_username,u1_0.user_phone_number,u1_0.user_status,u1_0.user_is_admin,u1_0.user_created_at,r1_0.role_name from public.m_user_detail mud1_0 join public.m_user u1_0 on u1_0.user_id=mud1_0.user_id join public.m_role r1_0 on r1_0.role_id=u1_0.user_role_id where u1_0.user_idf=?
2026-07-20 20:06:57.779 [http-nio-8081-exec-4] INFO  [TraceID: 6a5e1d716e75a752a13583eaac05f2ea, SpanID: d0748b15b9c01ab9]
                c.l.p.a.s.impl.AdminUserServiceImpl - SUCCESS GET PROFILE bf84949f-28a5-47e7-8408-f09019b8ebb2
2026-07-20 20:06:58.449 [http-nio-8081-exec-5] INFO  [TraceID: 6a5e1d72074d58c15652ba0c1e803893, SpanID: df01e4cb4bd7c0d8]
                c.l.p.a.s.impl.AdminUserServiceImpl - RECEIVE REQUEST TO GET PROFILE bf84949f-28a5-47e7-8408-f09019b8ebb2
2026-07-20 20:06:58.449 [http-nio-8081-exec-5] DEBUG [TraceID: 6a5e1d72074d58c15652ba0c1e803893, SpanID: df01e4cb4bd7c0d8]
                org.hibernate.SQL - select mud1_0.user_detail_department_name,mud1_0.user_avatar,mud1_0.user_office_location,u1_0.user_idf,u1_0.user_full_name,u1_0.user_email,u1_0.user_employee_id,u1_0.user_username,u1_0.user_phone_number,u1_0.user_status,u1_0.user_is_admin,u1_0.user_created_at,r1_0.role_name from public.m_user_detail mud1_0 join public.m_user u1_0 on u1_0.user_id=mud1_0.user_id join public.m_role r1_0 on r1_0.role_id=u1_0.user_role_id where u1_0.user_idf=?
2026-07-20 20:06:58.455 [http-nio-8081-exec-5] INFO  [TraceID: 6a5e1d72074d58c15652ba0c1e803893, SpanID: df01e4cb4bd7c0d8]
                c.l.p.a.s.impl.AdminUserServiceImpl - SUCCESS GET PROFILE bf84949f-28a5-47e7-8408-f09019b8ebb2
2026-07-20 20:06:59.209 [http-nio-8081-exec-6] INFO  [TraceID: 6a5e1d73d382c8cdc922cd5a181c5cb6, SpanID: 6baf66778676e010]
                c.l.p.a.s.impl.AdminUserServiceImpl - RECEIVE REQUEST TO GET PROFILE bf84949f-28a5-47e7-8408-f09019b8ebb2
2026-07-20 20:06:59.209 [http-nio-8081-exec-6] DEBUG [TraceID: 6a5e1d73d382c8cdc922cd5a181c5cb6, SpanID: 6baf66778676e010]
                org.hibernate.SQL - select mud1_0.user_detail_department_name,mud1_0.user_avatar,mud1_0.user_office_location,u1_0.user_idf,u1_0.user_full_name,u1_0.user_email,u1_0.user_employee_id,u1_0.user_username,u1_0.user_phone_number,u1_0.user_status,u1_0.user_is_admin,u1_0.user_created_at,r1_0.role_name from public.m_user_detail mud1_0 join public.m_user u1_0 on u1_0.user_id=mud1_0.user_id join public.m_role r1_0 on r1_0.role_id=u1_0.user_role_id where u1_0.user_idf=?
2026-07-20 20:06:59.214 [http-nio-8081-exec-6] INFO  [TraceID: 6a5e1d73d382c8cdc922cd5a181c5cb6, SpanID: 6baf66778676e010]
                c.l.p.a.s.impl.AdminUserServiceImpl - SUCCESS GET PROFILE bf84949f-28a5-47e7-8408-f09019b8ebb2
2026-07-20 20:10:18.906 [background-preinit] INFO  [TraceID: , SpanID: ]
                o.h.validator.internal.util.Version - HV000001: Hibernate Validator 8.0.2.Final
2026-07-20 20:10:18.951 [main] INFO  [TraceID: , SpanID: ]
                c.l.p.auth.AuthServiceApplication - Starting AuthServiceApplication using Java 21.0.9 with PID 31100 (C:\My-Portfolio\authentication\target\classes started by Asani in C:\My-Portfolio\authentication)
2026-07-20 20:10:18.952 [main] INFO  [TraceID: , SpanID: ]
                c.l.p.auth.AuthServiceApplication - No active profile set, falling back to 1 default profile: "default"
2026-07-20 20:10:20.041 [main] INFO  [TraceID: , SpanID: ]
                o.s.d.r.c.RepositoryConfigurationDelegate - Multiple Spring Data modules found, entering strict repository configuration mode
2026-07-20 20:10:20.042 [main] INFO  [TraceID: , SpanID: ]
                o.s.d.r.c.RepositoryConfigurationDelegate - Bootstrapping Spring Data JPA repositories in DEFAULT mode.
2026-07-20 20:10:20.176 [main] INFO  [TraceID: , SpanID: ]
                o.s.d.r.c.RepositoryConfigurationDelegate - Finished Spring Data repository scanning in 126 ms. Found 3 JPA repository interfaces.
2026-07-20 20:10:20.188 [main] INFO  [TraceID: , SpanID: ]
                o.s.d.r.c.RepositoryConfigurationDelegate - Multiple Spring Data modules found, entering strict repository configuration mode
2026-07-20 20:10:20.189 [main] INFO  [TraceID: , SpanID: ]
                o.s.d.r.c.RepositoryConfigurationDelegate - Bootstrapping Spring Data Redis repositories in DEFAULT mode.
2026-07-20 20:10:20.204 [main] INFO  [TraceID: , SpanID: ]
                o.s.d.r.c.RepositoryConfigurationExtensionSupport - Spring Data Redis - Could not safely identify store assignment for repository candidate interface com.laawe.purchasing.auth.repository.RoleRepository; If you want this repository to be a Redis repository, consider annotating your entities with one of these annotations: org.springframework.data.redis.core.RedisHash (preferred), or consider extending one of the following types with your repository: org.springframework.data.keyvalue.repository.KeyValueRepository
2026-07-20 20:10:20.204 [main] INFO  [TraceID: , SpanID: ]
                o.s.d.r.c.RepositoryConfigurationExtensionSupport - Spring Data Redis - Could not safely identify store assignment for repository candidate interface com.laawe.purchasing.auth.repository.UserDetailRepository; If you want this repository to be a Redis repository, consider annotating your entities with one of these annotations: org.springframework.data.redis.core.RedisHash (preferred), or consider extending one of the following types with your repository: org.springframework.data.keyvalue.repository.KeyValueRepository
2026-07-20 20:10:20.204 [main] INFO  [TraceID: , SpanID: ]
                o.s.d.r.c.RepositoryConfigurationExtensionSupport - Spring Data Redis - Could not safely identify store assignment for repository candidate interface com.laawe.purchasing.auth.repository.UserRepository; If you want this repository to be a Redis repository, consider annotating your entities with one of these annotations: org.springframework.data.redis.core.RedisHash (preferred), or consider extending one of the following types with your repository: org.springframework.data.keyvalue.repository.KeyValueRepository
2026-07-20 20:10:20.204 [main] INFO  [TraceID: , SpanID: ]
                o.s.d.r.c.RepositoryConfigurationDelegate - Finished Spring Data repository scanning in 7 ms. Found 0 Redis repository interfaces.
2026-07-20 20:10:20.872 [main] INFO  [TraceID: , SpanID: ]
                o.s.b.w.e.tomcat.TomcatWebServer - Tomcat initialized with port 8081 (http)
2026-07-20 20:10:20.882 [main] INFO  [TraceID: , SpanID: ]
                o.a.coyote.http11.Http11NioProtocol - Initializing ProtocolHandler ["http-nio-8081"]
2026-07-20 20:10:20.884 [main] INFO  [TraceID: , SpanID: ]
                o.a.catalina.core.StandardService - Starting service [Tomcat]
2026-07-20 20:10:20.884 [main] INFO  [TraceID: , SpanID: ]
                o.a.catalina.core.StandardEngine - Starting Servlet engine: [Apache Tomcat/10.1.36]
2026-07-20 20:10:20.944 [main] INFO  [TraceID: , SpanID: ]
                o.a.c.c.C.[Tomcat].[localhost].[/] - Initializing Spring embedded WebApplicationContext
2026-07-20 20:10:20.945 [main] INFO  [TraceID: , SpanID: ]
                o.s.b.w.s.c.ServletWebServerApplicationContext - Root WebApplicationContext: initialization completed in 1961 ms
2026-07-20 20:10:21.285 [main] INFO  [TraceID: , SpanID: ]
                o.h.jpa.internal.util.LogHelper - HHH000204: Processing PersistenceUnitInfo [name: default]
2026-07-20 20:10:21.320 [main] INFO  [TraceID: , SpanID: ]
                org.hibernate.Version - HHH000412: Hibernate ORM core version 6.6.8.Final
2026-07-20 20:10:21.344 [main] INFO  [TraceID: , SpanID: ]
                o.h.c.i.RegionFactoryInitiator - HHH000026: Second-level cache disabled
2026-07-20 20:10:21.548 [main] INFO  [TraceID: , SpanID: ]
                o.s.o.j.p.SpringPersistenceUnitInfo - No LoadTimeWeaver setup: ignoring JPA class transformer
2026-07-20 20:10:21.571 [main] INFO  [TraceID: , SpanID: ]
                com.zaxxer.hikari.HikariDataSource - HikariPool-1 - Starting...
2026-07-20 20:10:21.705 [main] INFO  [TraceID: , SpanID: ]
                com.zaxxer.hikari.pool.HikariPool - HikariPool-1 - Added connection org.postgresql.jdbc.PgConnection@6fd2acf5
2026-07-20 20:10:21.706 [main] INFO  [TraceID: , SpanID: ]
                com.zaxxer.hikari.HikariDataSource - HikariPool-1 - Start completed.
2026-07-20 20:10:21.758 [main] INFO  [TraceID: , SpanID: ]
                o.hibernate.orm.connections.pooling - HHH10001005: Database info:
	Database JDBC URL [Connecting through datasource 'HikariDataSource (HikariPool-1)']
	Database driver: undefined/unknown
	Database version: 16.14
	Autocommit mode: undefined/unknown
	Isolation level: undefined/unknown
	Minimum pool size: undefined/unknown
	Maximum pool size: undefined/unknown
2026-07-20 20:10:22.581 [main] INFO  [TraceID: , SpanID: ]
                o.h.e.t.j.p.i.JtaPlatformInitiator - HHH000489: No JTA platform available (set 'hibernate.transaction.jta.platform' to enable JTA platform integration)
2026-07-20 20:10:22.844 [main] INFO  [TraceID: , SpanID: ]
                o.s.o.j.LocalContainerEntityManagerFactoryBean - Initialized JPA EntityManagerFactory for persistence unit 'default'
2026-07-20 20:10:23.138 [main] INFO  [TraceID: , SpanID: ]
                o.s.d.j.r.query.QueryEnhancerFactory - Hibernate is in classpath; If applicable, HQL parser will be used.
2026-07-20 20:10:24.120 [main] WARN  [TraceID: , SpanID: ]
                o.s.b.a.o.j.JpaBaseConfiguration$JpaWebConfiguration - spring.jpa.open-in-view is enabled by default. Therefore, database queries may be performed during view rendering. Explicitly configure spring.jpa.open-in-view to disable this warning
2026-07-20 20:10:24.456 [main] INFO  [TraceID: , SpanID: ]
                o.s.b.a.e.web.EndpointLinksResolver - Exposing 1 endpoint beneath base path '/actuator'
2026-07-20 20:10:24.990 [main] INFO  [TraceID: , SpanID: ]
                o.a.coyote.http11.Http11NioProtocol - Starting ProtocolHandler ["http-nio-8081"]
2026-07-20 20:10:25.010 [main] INFO  [TraceID: , SpanID: ]
                o.s.b.w.e.tomcat.TomcatWebServer - Tomcat started on port 8081 (http) with context path '/'
2026-07-20 20:10:25.022 [main] INFO  [TraceID: , SpanID: ]
                c.l.p.auth.AuthServiceApplication - Started AuthServiceApplication in 6.571 seconds (process running for 7.024)
2026-07-20 20:10:28.535 [http-nio-8081-exec-1] INFO  [TraceID: , SpanID: ]
                o.a.c.c.C.[Tomcat].[localhost].[/] - Initializing Spring DispatcherServlet 'dispatcherServlet'
2026-07-20 20:10:28.535 [http-nio-8081-exec-1] INFO  [TraceID: , SpanID: ]
                o.s.web.servlet.DispatcherServlet - Initializing Servlet 'dispatcherServlet'
2026-07-20 20:10:28.538 [http-nio-8081-exec-1] INFO  [TraceID: , SpanID: ]
                o.s.web.servlet.DispatcherServlet - Completed initialization in 3 ms
2026-07-20 20:10:28.605 [http-nio-8081-exec-1] INFO  [TraceID: 6a5e1e44fc012f76ffe27ed7a69a8e9a, SpanID: eb050e17b37e26d1]
                c.l.p.a.s.impl.AdminUserServiceImpl - RECEIVED ALL USERS REQUEST BY USERS bf84949f-28a5-47e7-8408-f09019b8ebb2
2026-07-20 20:10:28.655 [http-nio-8081-exec-1] DEBUG [TraceID: 6a5e1e44fc012f76ffe27ed7a69a8e9a, SpanID: eb050e17b37e26d1]
                org.hibernate.SQL - select r1_0.role_name from public.m_user mu1_0 join public.m_role r1_0 on r1_0.role_id=mu1_0.user_role_id where mu1_0.user_idf=? and r1_0.role_name='SUPERUSER'
2026-07-20 20:10:28.688 [http-nio-8081-exec-1] DEBUG [TraceID: 6a5e1e44fc012f76ffe27ed7a69a8e9a, SpanID: eb050e17b37e26d1]
                org.hibernate.SQL - select mu1_0.user_idf,mu1_0.user_full_name,mu1_0.user_email,mu1_0.user_phone_number,r1_0.role_name,mu1_0.user_employee_id,mu1_0.user_username,mu1_0.user_status,mu1_0.user_is_admin,mu1_0.user_created_at from public.m_user mu1_0 join public.m_role r1_0 on r1_0.role_id=mu1_0.user_role_id where r1_0.role_name<>'SUPERUSER' order by mu1_0.user_created_at desc fetch first ? rows only
2026-07-20 20:10:28.696 [http-nio-8081-exec-1] INFO  [TraceID: 6a5e1e44fc012f76ffe27ed7a69a8e9a, SpanID: eb050e17b37e26d1]
                c.l.p.a.s.impl.AdminUserServiceImpl - SUCCESS GET ALL USERS DATA BY USERS bf84949f-28a5-47e7-8408-f09019b8ebb2
2026-07-26 22:15:49.604 [background-preinit] INFO  [TraceID: , SpanID: ]
                o.h.validator.internal.util.Version - HV000001: Hibernate Validator 8.0.2.Final
2026-07-26 22:15:49.689 [main] INFO  [TraceID: , SpanID: ]
                c.l.p.auth.AuthServiceApplication - Starting AuthServiceApplication using Java 21.0.9 with PID 12592 (C:\My-Portfolio\authentication\target\classes started by Asani in C:\My-Portfolio\authentication)
2026-07-26 22:15:49.690 [main] INFO  [TraceID: , SpanID: ]
                c.l.p.auth.AuthServiceApplication - No active profile set, falling back to 1 default profile: "default"
2026-07-26 22:15:51.545 [main] INFO  [TraceID: , SpanID: ]
                o.s.d.r.c.RepositoryConfigurationDelegate - Multiple Spring Data modules found, entering strict repository configuration mode
2026-07-26 22:15:51.547 [main] INFO  [TraceID: , SpanID: ]
                o.s.d.r.c.RepositoryConfigurationDelegate - Bootstrapping Spring Data JPA repositories in DEFAULT mode.
2026-07-26 22:15:51.804 [main] INFO  [TraceID: , SpanID: ]
                o.s.d.r.c.RepositoryConfigurationDelegate - Finished Spring Data repository scanning in 244 ms. Found 3 JPA repository interfaces.
2026-07-26 22:15:51.836 [main] INFO  [TraceID: , SpanID: ]
                o.s.d.r.c.RepositoryConfigurationDelegate - Multiple Spring Data modules found, entering strict repository configuration mode
2026-07-26 22:15:51.838 [main] INFO  [TraceID: , SpanID: ]
                o.s.d.r.c.RepositoryConfigurationDelegate - Bootstrapping Spring Data Redis repositories in DEFAULT mode.
2026-07-26 22:15:51.869 [main] INFO  [TraceID: , SpanID: ]
                o.s.d.r.c.RepositoryConfigurationExtensionSupport - Spring Data Redis - Could not safely identify store assignment for repository candidate interface com.laawe.purchasing.auth.repository.RoleRepository; If you want this repository to be a Redis repository, consider annotating your entities with one of these annotations: org.springframework.data.redis.core.RedisHash (preferred), or consider extending one of the following types with your repository: org.springframework.data.keyvalue.repository.KeyValueRepository
2026-07-26 22:15:51.869 [main] INFO  [TraceID: , SpanID: ]
                o.s.d.r.c.RepositoryConfigurationExtensionSupport - Spring Data Redis - Could not safely identify store assignment for repository candidate interface com.laawe.purchasing.auth.repository.UserDetailRepository; If you want this repository to be a Redis repository, consider annotating your entities with one of these annotations: org.springframework.data.redis.core.RedisHash (preferred), or consider extending one of the following types with your repository: org.springframework.data.keyvalue.repository.KeyValueRepository
2026-07-26 22:15:51.870 [main] INFO  [TraceID: , SpanID: ]
                o.s.d.r.c.RepositoryConfigurationExtensionSupport - Spring Data Redis - Could not safely identify store assignment for repository candidate interface com.laawe.purchasing.auth.repository.UserRepository; If you want this repository to be a Redis repository, consider annotating your entities with one of these annotations: org.springframework.data.redis.core.RedisHash (preferred), or consider extending one of the following types with your repository: org.springframework.data.keyvalue.repository.KeyValueRepository
2026-07-26 22:15:51.870 [main] INFO  [TraceID: , SpanID: ]
                o.s.d.r.c.RepositoryConfigurationDelegate - Finished Spring Data repository scanning in 15 ms. Found 0 Redis repository interfaces.
2026-07-26 22:15:53.305 [main] INFO  [TraceID: , SpanID: ]
                o.s.b.w.e.tomcat.TomcatWebServer - Tomcat initialized with port 8081 (http)
2026-07-26 22:15:53.321 [main] INFO  [TraceID: , SpanID: ]
                o.a.coyote.http11.Http11NioProtocol - Initializing ProtocolHandler ["http-nio-8081"]
2026-07-26 22:15:53.324 [main] INFO  [TraceID: , SpanID: ]
                o.a.catalina.core.StandardService - Starting service [Tomcat]
2026-07-26 22:15:53.324 [main] INFO  [TraceID: , SpanID: ]
                o.a.catalina.core.StandardEngine - Starting Servlet engine: [Apache Tomcat/10.1.36]
2026-07-26 22:15:53.413 [main] INFO  [TraceID: , SpanID: ]
                o.a.c.c.C.[Tomcat].[localhost].[/] - Initializing Spring embedded WebApplicationContext
2026-07-26 22:15:53.413 [main] INFO  [TraceID: , SpanID: ]
                o.s.b.w.s.c.ServletWebServerApplicationContext - Root WebApplicationContext: initialization completed in 3660 ms
2026-07-26 22:15:53.996 [main] INFO  [TraceID: , SpanID: ]
                o.h.jpa.internal.util.LogHelper - HHH000204: Processing PersistenceUnitInfo [name: default]
2026-07-26 22:15:54.067 [main] INFO  [TraceID: , SpanID: ]
                org.hibernate.Version - HHH000412: Hibernate ORM core version 6.6.8.Final
2026-07-26 22:15:54.103 [main] INFO  [TraceID: , SpanID: ]
                o.h.c.i.RegionFactoryInitiator - HHH000026: Second-level cache disabled
2026-07-26 22:15:54.394 [main] INFO  [TraceID: , SpanID: ]
                o.s.o.j.p.SpringPersistenceUnitInfo - No LoadTimeWeaver setup: ignoring JPA class transformer
2026-07-26 22:15:54.422 [main] INFO  [TraceID: , SpanID: ]
                com.zaxxer.hikari.HikariDataSource - HikariPool-1 - Starting...
2026-07-26 22:15:54.626 [main] INFO  [TraceID: , SpanID: ]
                com.zaxxer.hikari.pool.HikariPool - HikariPool-1 - Added connection org.postgresql.jdbc.PgConnection@792eeae6
2026-07-26 22:15:54.627 [main] INFO  [TraceID: , SpanID: ]
                com.zaxxer.hikari.HikariDataSource - HikariPool-1 - Start completed.
2026-07-26 22:15:54.714 [main] INFO  [TraceID: , SpanID: ]
                o.hibernate.orm.connections.pooling - HHH10001005: Database info:
	Database JDBC URL [Connecting through datasource 'HikariDataSource (HikariPool-1)']
	Database driver: undefined/unknown
	Database version: 16.14
	Autocommit mode: undefined/unknown
	Isolation level: undefined/unknown
	Minimum pool size: undefined/unknown
	Maximum pool size: undefined/unknown
2026-07-26 22:15:55.851 [main] INFO  [TraceID: , SpanID: ]
                o.h.e.t.j.p.i.JtaPlatformInitiator - HHH000489: No JTA platform available (set 'hibernate.transaction.jta.platform' to enable JTA platform integration)
2026-07-26 22:15:56.275 [main] INFO  [TraceID: , SpanID: ]
                o.s.o.j.LocalContainerEntityManagerFactoryBean - Initialized JPA EntityManagerFactory for persistence unit 'default'
2026-07-26 22:15:56.728 [main] INFO  [TraceID: , SpanID: ]
                o.s.d.j.r.query.QueryEnhancerFactory - Hibernate is in classpath; If applicable, HQL parser will be used.
2026-07-26 22:15:58.233 [main] WARN  [TraceID: , SpanID: ]
                o.s.b.a.o.j.JpaBaseConfiguration$JpaWebConfiguration - spring.jpa.open-in-view is enabled by default. Therefore, database queries may be performed during view rendering. Explicitly configure spring.jpa.open-in-view to disable this warning
2026-07-26 22:15:58.706 [main] INFO  [TraceID: , SpanID: ]
                o.s.b.a.e.web.EndpointLinksResolver - Exposing 1 endpoint beneath base path '/actuator'
2026-07-26 22:15:59.387 [main] INFO  [TraceID: , SpanID: ]
                o.a.coyote.http11.Http11NioProtocol - Starting ProtocolHandler ["http-nio-8081"]
2026-07-26 22:15:59.417 [main] INFO  [TraceID: , SpanID: ]
                o.s.b.w.e.tomcat.TomcatWebServer - Tomcat started on port 8081 (http) with context path '/'
2026-07-26 22:15:59.430 [main] INFO  [TraceID: , SpanID: ]
                c.l.p.auth.AuthServiceApplication - Started AuthServiceApplication in 10.573 seconds (process running for 11.278)
2026-07-26 22:16:27.385 [http-nio-8081-exec-1] INFO  [TraceID: , SpanID: ]
                o.a.c.c.C.[Tomcat].[localhost].[/] - Initializing Spring DispatcherServlet 'dispatcherServlet'
2026-07-26 22:16:27.385 [http-nio-8081-exec-1] INFO  [TraceID: , SpanID: ]
                o.s.web.servlet.DispatcherServlet - Initializing Servlet 'dispatcherServlet'
2026-07-26 22:16:27.387 [http-nio-8081-exec-1] INFO  [TraceID: , SpanID: ]
                o.s.web.servlet.DispatcherServlet - Completed initialization in 2 ms
2026-07-26 22:16:27.596 [http-nio-8081-exec-1] INFO  [TraceID: 6a6624cb0d2eb0cd227007412f0c2d38, SpanID: dff93d91e60de02a]
                c.l.p.a.service.impl.AuthServiceImpl - RECEIVE REQUEST LOGIN FOR IDENTIFIER admin@laawe.com
2026-07-26 22:16:27.658 [http-nio-8081-exec-1] DEBUG [TraceID: 6a6624cb0d2eb0cd227007412f0c2d38, SpanID: dff93d91e60de02a]
                org.hibernate.SQL - select mu1_0.user_id,mu1_0.user_created_at,mu1_0.user_email,mu1_0.user_employee_id,mu1_0.user_full_name,mu1_0.user_idf,mu1_0.user_is_admin,mu1_0.user_password_hash,mu1_0.user_phone_number,mu1_0.user_role_id,mu1_0.user_status,mu1_0.user_username from public.m_user mu1_0 where mu1_0.user_username=? or mu1_0.user_email=? or mu1_0.user_phone_number=?
2026-07-26 22:16:27.687 [http-nio-8081-exec-1] DEBUG [TraceID: 6a6624cb0d2eb0cd227007412f0c2d38, SpanID: dff93d91e60de02a]
                org.hibernate.SQL - select mr1_0.role_id,mr1_0.role_description,mr1_0.role_idf,mr1_0.role_name from public.m_role mr1_0 where mr1_0.role_id=?
2026-07-26 22:16:28.437 [http-nio-8081-exec-1] INFO  [TraceID: 6a6624cb0d2eb0cd227007412f0c2d38, SpanID: dff93d91e60de02a]
                c.l.p.a.service.impl.AuthServiceImpl - SUCCESS LOGIN FOR IDENTIFIER admin@laawe.com
2026-07-26 22:16:38.989 [http-nio-8081-exec-3] INFO  [TraceID: 6a6624d6f1ef7336f023a141c4cda252, SpanID: 1cd2eec3eef140e9]
                c.l.p.a.s.impl.AdminUserServiceImpl - RECEIVED ALL USERS REQUEST BY USERS bf84949f-28a5-47e7-8408-f09019b8ebb2
2026-07-26 22:16:38.993 [http-nio-8081-exec-3] DEBUG [TraceID: 6a6624d6f1ef7336f023a141c4cda252, SpanID: 1cd2eec3eef140e9]
                org.hibernate.SQL - select r1_0.role_name from public.m_user mu1_0 join public.m_role r1_0 on r1_0.role_id=mu1_0.user_role_id where mu1_0.user_idf=? and r1_0.role_name='SUPERUSER'
2026-07-26 22:16:39.013 [http-nio-8081-exec-3] DEBUG [TraceID: 6a6624d6f1ef7336f023a141c4cda252, SpanID: 1cd2eec3eef140e9]
                org.hibernate.SQL - select mu1_0.user_idf,mu1_0.user_full_name,mu1_0.user_email,mu1_0.user_phone_number,r1_0.role_name,mu1_0.user_employee_id,mu1_0.user_username,mu1_0.user_status,mu1_0.user_is_admin,mu1_0.user_created_at from public.m_user mu1_0 join public.m_role r1_0 on r1_0.role_id=mu1_0.user_role_id where r1_0.role_name<>'SUPERUSER' order by mu1_0.user_created_at desc fetch first ? rows only
2026-07-26 22:16:39.021 [http-nio-8081-exec-3] INFO  [TraceID: 6a6624d6f1ef7336f023a141c4cda252, SpanID: 1cd2eec3eef140e9]
                c.l.p.a.s.impl.AdminUserServiceImpl - SUCCESS GET ALL USERS DATA BY USERS bf84949f-28a5-47e7-8408-f09019b8ebb2
2026-07-26 22:36:57.943 [background-preinit] INFO  [TraceID: , SpanID: ]
                o.h.validator.internal.util.Version - HV000001: Hibernate Validator 8.0.2.Final
2026-07-26 22:36:58.013 [main] INFO  [TraceID: , SpanID: ]
                c.l.p.auth.AuthServiceApplication - Starting AuthServiceApplication using Java 21.0.9 with PID 12604 (C:\My-Portfolio\authentication\target\classes started by Asani in C:\My-Portfolio\authentication)
2026-07-26 22:36:58.014 [main] INFO  [TraceID: , SpanID: ]
                c.l.p.auth.AuthServiceApplication - No active profile set, falling back to 1 default profile: "default"
2026-07-26 22:36:59.799 [main] INFO  [TraceID: , SpanID: ]
                o.s.d.r.c.RepositoryConfigurationDelegate - Multiple Spring Data modules found, entering strict repository configuration mode
2026-07-26 22:36:59.802 [main] INFO  [TraceID: , SpanID: ]
                o.s.d.r.c.RepositoryConfigurationDelegate - Bootstrapping Spring Data JPA repositories in DEFAULT mode.
2026-07-26 22:37:00.159 [main] INFO  [TraceID: , SpanID: ]
                o.s.d.r.c.RepositoryConfigurationDelegate - Finished Spring Data repository scanning in 343 ms. Found 3 JPA repository interfaces.
2026-07-26 22:37:00.180 [main] INFO  [TraceID: , SpanID: ]
                o.s.d.r.c.RepositoryConfigurationDelegate - Multiple Spring Data modules found, entering strict repository configuration mode
2026-07-26 22:37:00.182 [main] INFO  [TraceID: , SpanID: ]
                o.s.d.r.c.RepositoryConfigurationDelegate - Bootstrapping Spring Data Redis repositories in DEFAULT mode.
2026-07-26 22:37:00.211 [main] INFO  [TraceID: , SpanID: ]
                o.s.d.r.c.RepositoryConfigurationExtensionSupport - Spring Data Redis - Could not safely identify store assignment for repository candidate interface com.laawe.purchasing.auth.repository.RoleRepository; If you want this repository to be a Redis repository, consider annotating your entities with one of these annotations: org.springframework.data.redis.core.RedisHash (preferred), or consider extending one of the following types with your repository: org.springframework.data.keyvalue.repository.KeyValueRepository
2026-07-26 22:37:00.212 [main] INFO  [TraceID: , SpanID: ]
                o.s.d.r.c.RepositoryConfigurationExtensionSupport - Spring Data Redis - Could not safely identify store assignment for repository candidate interface com.laawe.purchasing.auth.repository.UserDetailRepository; If you want this repository to be a Redis repository, consider annotating your entities with one of these annotations: org.springframework.data.redis.core.RedisHash (preferred), or consider extending one of the following types with your repository: org.springframework.data.keyvalue.repository.KeyValueRepository
2026-07-26 22:37:00.212 [main] INFO  [TraceID: , SpanID: ]
                o.s.d.r.c.RepositoryConfigurationExtensionSupport - Spring Data Redis - Could not safely identify store assignment for repository candidate interface com.laawe.purchasing.auth.repository.UserRepository; If you want this repository to be a Redis repository, consider annotating your entities with one of these annotations: org.springframework.data.redis.core.RedisHash (preferred), or consider extending one of the following types with your repository: org.springframework.data.keyvalue.repository.KeyValueRepository
2026-07-26 22:37:00.212 [main] INFO  [TraceID: , SpanID: ]
                o.s.d.r.c.RepositoryConfigurationDelegate - Finished Spring Data repository scanning in 14 ms. Found 0 Redis repository interfaces.
2026-07-26 22:37:01.551 [main] INFO  [TraceID: , SpanID: ]
                o.s.b.w.e.tomcat.TomcatWebServer - Tomcat initialized with port 8081 (http)
2026-07-26 22:37:01.571 [main] INFO  [TraceID: , SpanID: ]
                o.a.coyote.http11.Http11NioProtocol - Initializing ProtocolHandler ["http-nio-8081"]
2026-07-26 22:37:01.574 [main] INFO  [TraceID: , SpanID: ]
                o.a.catalina.core.StandardService - Starting service [Tomcat]
2026-07-26 22:37:01.574 [main] INFO  [TraceID: , SpanID: ]
                o.a.catalina.core.StandardEngine - Starting Servlet engine: [Apache Tomcat/10.1.36]
2026-07-26 22:37:01.672 [main] INFO  [TraceID: , SpanID: ]
                o.a.c.c.C.[Tomcat].[localhost].[/] - Initializing Spring embedded WebApplicationContext
2026-07-26 22:37:01.674 [main] INFO  [TraceID: , SpanID: ]
                o.s.b.w.s.c.ServletWebServerApplicationContext - Root WebApplicationContext: initialization completed in 3612 ms
2026-07-26 22:37:02.227 [main] INFO  [TraceID: , SpanID: ]
                o.h.jpa.internal.util.LogHelper - HHH000204: Processing PersistenceUnitInfo [name: default]
2026-07-26 22:37:02.296 [main] INFO  [TraceID: , SpanID: ]
                org.hibernate.Version - HHH000412: Hibernate ORM core version 6.6.8.Final
2026-07-26 22:37:02.340 [main] INFO  [TraceID: , SpanID: ]
                o.h.c.i.RegionFactoryInitiator - HHH000026: Second-level cache disabled
2026-07-26 22:37:02.932 [main] INFO  [TraceID: , SpanID: ]
                o.s.o.j.p.SpringPersistenceUnitInfo - No LoadTimeWeaver setup: ignoring JPA class transformer
2026-07-26 22:37:02.977 [main] INFO  [TraceID: , SpanID: ]
                com.zaxxer.hikari.HikariDataSource - HikariPool-1 - Starting...
2026-07-26 22:37:03.215 [main] INFO  [TraceID: , SpanID: ]
                com.zaxxer.hikari.pool.HikariPool - HikariPool-1 - Added connection org.postgresql.jdbc.PgConnection@3bf4644c
2026-07-26 22:37:03.217 [main] INFO  [TraceID: , SpanID: ]
                com.zaxxer.hikari.HikariDataSource - HikariPool-1 - Start completed.
2026-07-26 22:37:03.307 [main] INFO  [TraceID: , SpanID: ]
                o.hibernate.orm.connections.pooling - HHH10001005: Database info:
	Database JDBC URL [Connecting through datasource 'HikariDataSource (HikariPool-1)']
	Database driver: undefined/unknown
	Database version: 16.14
	Autocommit mode: undefined/unknown
	Isolation level: undefined/unknown
	Minimum pool size: undefined/unknown
	Maximum pool size: undefined/unknown
2026-07-26 22:37:04.605 [main] INFO  [TraceID: , SpanID: ]
                o.h.e.t.j.p.i.JtaPlatformInitiator - HHH000489: No JTA platform available (set 'hibernate.transaction.jta.platform' to enable JTA platform integration)
2026-07-26 22:37:04.908 [main] INFO  [TraceID: , SpanID: ]
                o.s.o.j.LocalContainerEntityManagerFactoryBean - Initialized JPA EntityManagerFactory for persistence unit 'default'
2026-07-26 22:37:05.355 [main] INFO  [TraceID: , SpanID: ]
                o.s.d.j.r.query.QueryEnhancerFactory - Hibernate is in classpath; If applicable, HQL parser will be used.
2026-07-26 22:37:07.100 [main] WARN  [TraceID: , SpanID: ]
                o.s.b.a.o.j.JpaBaseConfiguration$JpaWebConfiguration - spring.jpa.open-in-view is enabled by default. Therefore, database queries may be performed during view rendering. Explicitly configure spring.jpa.open-in-view to disable this warning
2026-07-26 22:37:07.688 [main] INFO  [TraceID: , SpanID: ]
                o.s.b.a.e.web.EndpointLinksResolver - Exposing 1 endpoint beneath base path '/actuator'
2026-07-26 22:37:08.532 [main] INFO  [TraceID: , SpanID: ]
                o.a.coyote.http11.Http11NioProtocol - Starting ProtocolHandler ["http-nio-8081"]
2026-07-26 22:37:08.557 [main] INFO  [TraceID: , SpanID: ]
                o.s.b.w.e.tomcat.TomcatWebServer - Tomcat started on port 8081 (http) with context path '/'
2026-07-26 22:37:08.572 [main] INFO  [TraceID: , SpanID: ]
                c.l.p.auth.AuthServiceApplication - Started AuthServiceApplication in 11.35 seconds (process running for 11.852)
2026-07-26 22:38:00.465 [http-nio-8081-exec-1] INFO  [TraceID: , SpanID: ]
                o.a.c.c.C.[Tomcat].[localhost].[/] - Initializing Spring DispatcherServlet 'dispatcherServlet'
2026-07-26 22:38:00.465 [http-nio-8081-exec-1] INFO  [TraceID: , SpanID: ]
                o.s.web.servlet.DispatcherServlet - Initializing Servlet 'dispatcherServlet'
2026-07-26 22:38:00.468 [http-nio-8081-exec-1] INFO  [TraceID: , SpanID: ]
                o.s.web.servlet.DispatcherServlet - Completed initialization in 2 ms
2026-07-26 22:38:00.549 [http-nio-8081-exec-1] INFO  [TraceID: 6a6629d75cf50569e4d263061c3c3dbe, SpanID: ac33a8ec2e8e81e9]
                c.l.p.a.s.impl.AdminUserServiceImpl - RECEIVED ALL USERS REQUEST BY USERS bf84949f-28a5-47e7-8408-f09019b8ebb2
2026-07-26 22:38:00.621 [http-nio-8081-exec-1] DEBUG [TraceID: 6a6629d75cf50569e4d263061c3c3dbe, SpanID: ac33a8ec2e8e81e9]
                org.hibernate.SQL - select r1_0.role_name from public.m_user mu1_0 join public.m_role r1_0 on r1_0.role_id=mu1_0.user_role_id where mu1_0.user_idf=? and r1_0.role_name='SUPERUSER'
2026-07-26 22:38:00.661 [http-nio-8081-exec-1] DEBUG [TraceID: 6a6629d75cf50569e4d263061c3c3dbe, SpanID: ac33a8ec2e8e81e9]
                org.hibernate.SQL - select mu1_0.user_idf,mu1_0.user_full_name,mu1_0.user_email,mu1_0.user_phone_number,r1_0.role_name,mu1_0.user_employee_id,mu1_0.user_username,mu1_0.user_status,mu1_0.user_is_admin,mu1_0.user_created_at,ud1_0.user_detail_department_name,ud1_0.user_office_location from public.m_user mu1_0 join public.m_role r1_0 on r1_0.role_id=mu1_0.user_role_id join public.m_user_detail ud1_0 on ud1_0.user_detail_id=mu1_0.user_id where r1_0.role_name<>'SUPERUSER' order by mu1_0.user_created_at desc fetch first ? rows only
2026-07-26 22:38:00.673 [http-nio-8081-exec-1] INFO  [TraceID: 6a6629d75cf50569e4d263061c3c3dbe, SpanID: ac33a8ec2e8e81e9]
                c.l.p.a.s.impl.AdminUserServiceImpl - SUCCESS GET ALL USERS DATA BY USERS bf84949f-28a5-47e7-8408-f09019b8ebb2
2026-07-26 22:39:37.716 [background-preinit] INFO  [TraceID: , SpanID: ]
                o.h.validator.internal.util.Version - HV000001: Hibernate Validator 8.0.2.Final
2026-07-26 22:39:37.772 [main] INFO  [TraceID: , SpanID: ]
                c.l.p.auth.AuthServiceApplication - Starting AuthServiceApplication using Java 21.0.9 with PID 23056 (C:\My-Portfolio\authentication\target\classes started by Asani in C:\My-Portfolio\authentication)
2026-07-26 22:39:37.774 [main] INFO  [TraceID: , SpanID: ]
                c.l.p.auth.AuthServiceApplication - No active profile set, falling back to 1 default profile: "default"
2026-07-26 22:39:38.877 [main] INFO  [TraceID: , SpanID: ]
                o.s.d.r.c.RepositoryConfigurationDelegate - Multiple Spring Data modules found, entering strict repository configuration mode
2026-07-26 22:39:38.878 [main] INFO  [TraceID: , SpanID: ]
                o.s.d.r.c.RepositoryConfigurationDelegate - Bootstrapping Spring Data JPA repositories in DEFAULT mode.
2026-07-26 22:39:39.012 [main] INFO  [TraceID: , SpanID: ]
                o.s.d.r.c.RepositoryConfigurationDelegate - Finished Spring Data repository scanning in 122 ms. Found 3 JPA repository interfaces.
2026-07-26 22:39:39.025 [main] INFO  [TraceID: , SpanID: ]
                o.s.d.r.c.RepositoryConfigurationDelegate - Multiple Spring Data modules found, entering strict repository configuration mode
2026-07-26 22:39:39.026 [main] INFO  [TraceID: , SpanID: ]
                o.s.d.r.c.RepositoryConfigurationDelegate - Bootstrapping Spring Data Redis repositories in DEFAULT mode.
2026-07-26 22:39:39.041 [main] INFO  [TraceID: , SpanID: ]
                o.s.d.r.c.RepositoryConfigurationExtensionSupport - Spring Data Redis - Could not safely identify store assignment for repository candidate interface com.laawe.purchasing.auth.repository.RoleRepository; If you want this repository to be a Redis repository, consider annotating your entities with one of these annotations: org.springframework.data.redis.core.RedisHash (preferred), or consider extending one of the following types with your repository: org.springframework.data.keyvalue.repository.KeyValueRepository
2026-07-26 22:39:39.041 [main] INFO  [TraceID: , SpanID: ]
                o.s.d.r.c.RepositoryConfigurationExtensionSupport - Spring Data Redis - Could not safely identify store assignment for repository candidate interface com.laawe.purchasing.auth.repository.UserDetailRepository; If you want this repository to be a Redis repository, consider annotating your entities with one of these annotations: org.springframework.data.redis.core.RedisHash (preferred), or consider extending one of the following types with your repository: org.springframework.data.keyvalue.repository.KeyValueRepository
2026-07-26 22:39:39.041 [main] INFO  [TraceID: , SpanID: ]
                o.s.d.r.c.RepositoryConfigurationExtensionSupport - Spring Data Redis - Could not safely identify store assignment for repository candidate interface com.laawe.purchasing.auth.repository.UserRepository; If you want this repository to be a Redis repository, consider annotating your entities with one of these annotations: org.springframework.data.redis.core.RedisHash (preferred), or consider extending one of the following types with your repository: org.springframework.data.keyvalue.repository.KeyValueRepository
2026-07-26 22:39:39.041 [main] INFO  [TraceID: , SpanID: ]
                o.s.d.r.c.RepositoryConfigurationDelegate - Finished Spring Data repository scanning in 9 ms. Found 0 Redis repository interfaces.
2026-07-26 22:39:39.804 [main] INFO  [TraceID: , SpanID: ]
                o.s.b.w.e.tomcat.TomcatWebServer - Tomcat initialized with port 8081 (http)
2026-07-26 22:39:39.816 [main] INFO  [TraceID: , SpanID: ]
                o.a.coyote.http11.Http11NioProtocol - Initializing ProtocolHandler ["http-nio-8081"]
2026-07-26 22:39:39.818 [main] INFO  [TraceID: , SpanID: ]
                o.a.catalina.core.StandardService - Starting service [Tomcat]
2026-07-26 22:39:39.819 [main] INFO  [TraceID: , SpanID: ]
                o.a.catalina.core.StandardEngine - Starting Servlet engine: [Apache Tomcat/10.1.36]
2026-07-26 22:39:39.883 [main] INFO  [TraceID: , SpanID: ]
                o.a.c.c.C.[Tomcat].[localhost].[/] - Initializing Spring embedded WebApplicationContext
2026-07-26 22:39:39.883 [main] INFO  [TraceID: , SpanID: ]
                o.s.b.w.s.c.ServletWebServerApplicationContext - Root WebApplicationContext: initialization completed in 2059 ms
2026-07-26 22:39:40.249 [main] INFO  [TraceID: , SpanID: ]
                o.h.jpa.internal.util.LogHelper - HHH000204: Processing PersistenceUnitInfo [name: default]
2026-07-26 22:39:40.305 [main] INFO  [TraceID: , SpanID: ]
                org.hibernate.Version - HHH000412: Hibernate ORM core version 6.6.8.Final
2026-07-26 22:39:40.337 [main] INFO  [TraceID: , SpanID: ]
                o.h.c.i.RegionFactoryInitiator - HHH000026: Second-level cache disabled
2026-07-26 22:39:40.608 [main] INFO  [TraceID: , SpanID: ]
                o.s.o.j.p.SpringPersistenceUnitInfo - No LoadTimeWeaver setup: ignoring JPA class transformer
2026-07-26 22:39:40.633 [main] INFO  [TraceID: , SpanID: ]
                com.zaxxer.hikari.HikariDataSource - HikariPool-1 - Starting...
2026-07-26 22:39:40.787 [main] INFO  [TraceID: , SpanID: ]
                com.zaxxer.hikari.pool.HikariPool - HikariPool-1 - Added connection org.postgresql.jdbc.PgConnection@70f76276
2026-07-26 22:39:40.788 [main] INFO  [TraceID: , SpanID: ]
                com.zaxxer.hikari.HikariDataSource - HikariPool-1 - Start completed.
2026-07-26 22:39:40.863 [main] INFO  [TraceID: , SpanID: ]
                o.hibernate.orm.connections.pooling - HHH10001005: Database info:
	Database JDBC URL [Connecting through datasource 'HikariDataSource (HikariPool-1)']
	Database driver: undefined/unknown
	Database version: 16.14
	Autocommit mode: undefined/unknown
	Isolation level: undefined/unknown
	Minimum pool size: undefined/unknown
	Maximum pool size: undefined/unknown
2026-07-26 22:39:41.185 [main] ERROR [TraceID: , SpanID: ]
                o.s.o.j.LocalContainerEntityManagerFactoryBean - Failed to initialize JPA EntityManagerFactory: [PersistenceUnit: default] Unable to build Hibernate SessionFactory; nested exception is org.hibernate.MappingException: Column 'user_id' is duplicated in mapping for entity 'com.laawe.purchasing.auth.model.entity.M_User' (use '@Column(insertable=false, updatable=false)' when mapping multiple properties to the same column)
2026-07-26 22:39:41.186 [main] WARN  [TraceID: , SpanID: ]
                o.s.b.w.s.c.AnnotationConfigServletWebServerApplicationContext - Exception encountered during context initialization - cancelling refresh attempt: org.springframework.beans.factory.BeanCreationException: Error creating bean with name 'entityManagerFactory' defined in class path resource [org/springframework/boot/autoconfigure/orm/jpa/HibernateJpaConfiguration.class]: [PersistenceUnit: default] Unable to build Hibernate SessionFactory; nested exception is org.hibernate.MappingException: Column 'user_id' is duplicated in mapping for entity 'com.laawe.purchasing.auth.model.entity.M_User' (use '@Column(insertable=false, updatable=false)' when mapping multiple properties to the same column)
2026-07-26 22:39:41.186 [main] INFO  [TraceID: , SpanID: ]
                com.zaxxer.hikari.HikariDataSource - HikariPool-1 - Shutdown initiated...
2026-07-26 22:39:41.210 [main] INFO  [TraceID: , SpanID: ]
                com.zaxxer.hikari.HikariDataSource - HikariPool-1 - Shutdown completed.
2026-07-26 22:39:41.212 [main] INFO  [TraceID: , SpanID: ]
                o.a.catalina.core.StandardService - Stopping service [Tomcat]
2026-07-26 22:39:41.226 [main] INFO  [TraceID: , SpanID: ]
                o.s.b.a.l.ConditionEvaluationReportLogger - 

Error starting ApplicationContext. To display the condition evaluation report re-run your application with 'debug' enabled.
2026-07-26 22:39:41.240 [main] ERROR [TraceID: , SpanID: ]
                o.s.boot.SpringApplication - Application run failed
org.springframework.beans.factory.BeanCreationException: Error creating bean with name 'entityManagerFactory' defined in class path resource [org/springframework/boot/autoconfigure/orm/jpa/HibernateJpaConfiguration.class]: [PersistenceUnit: default] Unable to build Hibernate SessionFactory; nested exception is org.hibernate.MappingException: Column 'user_id' is duplicated in mapping for entity 'com.laawe.purchasing.auth.model.entity.M_User' (use '@Column(insertable=false, updatable=false)' when mapping multiple properties to the same column)
	at org.springframework.beans.factory.support.AbstractAutowireCapableBeanFactory.initializeBean(AbstractAutowireCapableBeanFactory.java:1812)
	at org.springframework.beans.factory.support.AbstractAutowireCapableBeanFactory.doCreateBean(AbstractAutowireCapableBeanFactory.java:601)
	at org.springframework.beans.factory.support.AbstractAutowireCapableBeanFactory.createBean(AbstractAutowireCapableBeanFactory.java:523)
	at org.springframework.beans.factory.support.AbstractBeanFactory.lambda$doGetBean$0(AbstractBeanFactory.java:339)
	at org.springframework.beans.factory.support.DefaultSingletonBeanRegistry.getSingleton(DefaultSingletonBeanRegistry.java:346)
	at org.springframework.beans.factory.support.AbstractBeanFactory.doGetBean(AbstractBeanFactory.java:337)
	at org.springframework.beans.factory.support.AbstractBeanFactory.getBean(AbstractBeanFactory.java:207)
	at org.springframework.context.support.AbstractApplicationContext.finishBeanFactoryInitialization(AbstractApplicationContext.java:970)
	at org.springframework.context.support.AbstractApplicationContext.refresh(AbstractApplicationContext.java:627)
	at org.springframework.boot.web.servlet.context.ServletWebServerApplicationContext.refresh(ServletWebServerApplicationContext.java:146)
	at org.springframework.boot.SpringApplication.refresh(SpringApplication.java:752)
	at org.springframework.boot.SpringApplication.refreshContext(SpringApplication.java:439)
	at org.springframework.boot.SpringApplication.run(SpringApplication.java:318)
	at org.springframework.boot.SpringApplication.run(SpringApplication.java:1361)
	at org.springframework.boot.SpringApplication.run(SpringApplication.java:1350)
	at com.laawe.purchasing.auth.AuthServiceApplication.main(AuthServiceApplication.java:10)
Caused by: jakarta.persistence.PersistenceException: [PersistenceUnit: default] Unable to build Hibernate SessionFactory; nested exception is org.hibernate.MappingException: Column 'user_id' is duplicated in mapping for entity 'com.laawe.purchasing.auth.model.entity.M_User' (use '@Column(insertable=false, updatable=false)' when mapping multiple properties to the same column)
	at org.springframework.orm.jpa.AbstractEntityManagerFactoryBean.buildNativeEntityManagerFactory(AbstractEntityManagerFactoryBean.java:431)
	at org.springframework.orm.jpa.AbstractEntityManagerFactoryBean.afterPropertiesSet(AbstractEntityManagerFactoryBean.java:400)
	at org.springframework.orm.jpa.LocalContainerEntityManagerFactoryBean.afterPropertiesSet(LocalContainerEntityManagerFactoryBean.java:366)
	at org.springframework.beans.factory.support.AbstractAutowireCapableBeanFactory.invokeInitMethods(AbstractAutowireCapableBeanFactory.java:1859)
	at org.springframework.beans.factory.support.AbstractAutowireCapableBeanFactory.initializeBean(AbstractAutowireCapableBeanFactory.java:1808)
	... 15 common frames omitted
Caused by: org.hibernate.MappingException: Column 'user_id' is duplicated in mapping for entity 'com.laawe.purchasing.auth.model.entity.M_User' (use '@Column(insertable=false, updatable=false)' when mapping multiple properties to the same column)
	at org.hibernate.mapping.Value.checkColumnDuplication(Value.java:196)
	at org.hibernate.mapping.MappingHelper.checkPropertyColumnDuplication(MappingHelper.java:251)
	at org.hibernate.mapping.PersistentClass.checkColumnDuplication(PersistentClass.java:941)
	at org.hibernate.mapping.PersistentClass.validate(PersistentClass.java:696)
	at org.hibernate.mapping.RootClass.validate(RootClass.java:286)
	at org.hibernate.boot.internal.MetadataImpl.validate(MetadataImpl.java:505)
	at org.hibernate.internal.SessionFactoryImpl.<init>(SessionFactoryImpl.java:282)
	at org.hibernate.boot.internal.SessionFactoryBuilderImpl.build(SessionFactoryBuilderImpl.java:463)
	at org.hibernate.jpa.boot.internal.EntityManagerFactoryBuilderImpl.build(EntityManagerFactoryBuilderImpl.java:1517)
	at org.springframework.orm.jpa.vendor.SpringHibernateJpaPersistenceProvider.createContainerEntityManagerFactory(SpringHibernateJpaPersistenceProvider.java:66)
	at org.springframework.orm.jpa.LocalContainerEntityManagerFactoryBean.createNativeEntityManagerFactory(LocalContainerEntityManagerFactoryBean.java:390)
	at org.springframework.orm.jpa.AbstractEntityManagerFactoryBean.buildNativeEntityManagerFactory(AbstractEntityManagerFactoryBean.java:419)
	... 19 common frames omitted
2026-07-26 22:40:33.579 [background-preinit] INFO  [TraceID: , SpanID: ]
                o.h.validator.internal.util.Version - HV000001: Hibernate Validator 8.0.2.Final
2026-07-26 22:40:33.637 [main] INFO  [TraceID: , SpanID: ]
                c.l.p.auth.AuthServiceApplication - Starting AuthServiceApplication using Java 21.0.9 with PID 28096 (C:\My-Portfolio\authentication\target\classes started by Asani in C:\My-Portfolio\authentication)
2026-07-26 22:40:33.638 [main] INFO  [TraceID: , SpanID: ]
                c.l.p.auth.AuthServiceApplication - No active profile set, falling back to 1 default profile: "default"
2026-07-26 22:40:34.616 [main] INFO  [TraceID: , SpanID: ]
                o.s.d.r.c.RepositoryConfigurationDelegate - Multiple Spring Data modules found, entering strict repository configuration mode
2026-07-26 22:40:34.617 [main] INFO  [TraceID: , SpanID: ]
                o.s.d.r.c.RepositoryConfigurationDelegate - Bootstrapping Spring Data JPA repositories in DEFAULT mode.
2026-07-26 22:40:34.774 [main] INFO  [TraceID: , SpanID: ]
                o.s.d.r.c.RepositoryConfigurationDelegate - Finished Spring Data repository scanning in 149 ms. Found 3 JPA repository interfaces.
2026-07-26 22:40:34.791 [main] INFO  [TraceID: , SpanID: ]
                o.s.d.r.c.RepositoryConfigurationDelegate - Multiple Spring Data modules found, entering strict repository configuration mode
2026-07-26 22:40:34.793 [main] INFO  [TraceID: , SpanID: ]
                o.s.d.r.c.RepositoryConfigurationDelegate - Bootstrapping Spring Data Redis repositories in DEFAULT mode.
2026-07-26 22:40:34.813 [main] INFO  [TraceID: , SpanID: ]
                o.s.d.r.c.RepositoryConfigurationExtensionSupport - Spring Data Redis - Could not safely identify store assignment for repository candidate interface com.laawe.purchasing.auth.repository.RoleRepository; If you want this repository to be a Redis repository, consider annotating your entities with one of these annotations: org.springframework.data.redis.core.RedisHash (preferred), or consider extending one of the following types with your repository: org.springframework.data.keyvalue.repository.KeyValueRepository
2026-07-26 22:40:34.814 [main] INFO  [TraceID: , SpanID: ]
                o.s.d.r.c.RepositoryConfigurationExtensionSupport - Spring Data Redis - Could not safely identify store assignment for repository candidate interface com.laawe.purchasing.auth.repository.UserDetailRepository; If you want this repository to be a Redis repository, consider annotating your entities with one of these annotations: org.springframework.data.redis.core.RedisHash (preferred), or consider extending one of the following types with your repository: org.springframework.data.keyvalue.repository.KeyValueRepository
2026-07-26 22:40:34.815 [main] INFO  [TraceID: , SpanID: ]
                o.s.d.r.c.RepositoryConfigurationExtensionSupport - Spring Data Redis - Could not safely identify store assignment for repository candidate interface com.laawe.purchasing.auth.repository.UserRepository; If you want this repository to be a Redis repository, consider annotating your entities with one of these annotations: org.springframework.data.redis.core.RedisHash (preferred), or consider extending one of the following types with your repository: org.springframework.data.keyvalue.repository.KeyValueRepository
2026-07-26 22:40:34.816 [main] INFO  [TraceID: , SpanID: ]
                o.s.d.r.c.RepositoryConfigurationDelegate - Finished Spring Data repository scanning in 12 ms. Found 0 Redis repository interfaces.
2026-07-26 22:40:35.624 [main] INFO  [TraceID: , SpanID: ]
                o.s.b.w.e.tomcat.TomcatWebServer - Tomcat initialized with port 8081 (http)
2026-07-26 22:40:35.635 [main] INFO  [TraceID: , SpanID: ]
                o.a.coyote.http11.Http11NioProtocol - Initializing ProtocolHandler ["http-nio-8081"]
2026-07-26 22:40:35.637 [main] INFO  [TraceID: , SpanID: ]
                o.a.catalina.core.StandardService - Starting service [Tomcat]
2026-07-26 22:40:35.637 [main] INFO  [TraceID: , SpanID: ]
                o.a.catalina.core.StandardEngine - Starting Servlet engine: [Apache Tomcat/10.1.36]
2026-07-26 22:40:35.707 [main] INFO  [TraceID: , SpanID: ]
                o.a.c.c.C.[Tomcat].[localhost].[/] - Initializing Spring embedded WebApplicationContext
2026-07-26 22:40:35.707 [main] INFO  [TraceID: , SpanID: ]
                o.s.b.w.s.c.ServletWebServerApplicationContext - Root WebApplicationContext: initialization completed in 2026 ms
2026-07-26 22:40:36.143 [main] INFO  [TraceID: , SpanID: ]
                o.h.jpa.internal.util.LogHelper - HHH000204: Processing PersistenceUnitInfo [name: default]
2026-07-26 22:40:36.201 [main] INFO  [TraceID: , SpanID: ]
                org.hibernate.Version - HHH000412: Hibernate ORM core version 6.6.8.Final
2026-07-26 22:40:36.229 [main] INFO  [TraceID: , SpanID: ]
                o.h.c.i.RegionFactoryInitiator - HHH000026: Second-level cache disabled
2026-07-26 22:40:36.457 [main] INFO  [TraceID: , SpanID: ]
                o.s.o.j.p.SpringPersistenceUnitInfo - No LoadTimeWeaver setup: ignoring JPA class transformer
2026-07-26 22:40:36.480 [main] INFO  [TraceID: , SpanID: ]
                com.zaxxer.hikari.HikariDataSource - HikariPool-1 - Starting...
2026-07-26 22:40:36.630 [main] INFO  [TraceID: , SpanID: ]
                com.zaxxer.hikari.pool.HikariPool - HikariPool-1 - Added connection org.postgresql.jdbc.PgConnection@6fd2acf5
2026-07-26 22:40:36.632 [main] INFO  [TraceID: , SpanID: ]
                com.zaxxer.hikari.HikariDataSource - HikariPool-1 - Start completed.
2026-07-26 22:40:36.698 [main] INFO  [TraceID: , SpanID: ]
                o.hibernate.orm.connections.pooling - HHH10001005: Database info:
	Database JDBC URL [Connecting through datasource 'HikariDataSource (HikariPool-1)']
	Database driver: undefined/unknown
	Database version: 16.14
	Autocommit mode: undefined/unknown
	Isolation level: undefined/unknown
	Minimum pool size: undefined/unknown
	Maximum pool size: undefined/unknown
2026-07-26 22:40:37.690 [main] INFO  [TraceID: , SpanID: ]
                o.h.e.t.j.p.i.JtaPlatformInitiator - HHH000489: No JTA platform available (set 'hibernate.transaction.jta.platform' to enable JTA platform integration)
2026-07-26 22:40:37.927 [main] INFO  [TraceID: , SpanID: ]
                o.s.o.j.LocalContainerEntityManagerFactoryBean - Initialized JPA EntityManagerFactory for persistence unit 'default'
2026-07-26 22:40:38.171 [main] INFO  [TraceID: , SpanID: ]
                o.s.d.j.r.query.QueryEnhancerFactory - Hibernate is in classpath; If applicable, HQL parser will be used.
2026-07-26 22:40:39.475 [main] WARN  [TraceID: , SpanID: ]
                o.s.b.a.o.j.JpaBaseConfiguration$JpaWebConfiguration - spring.jpa.open-in-view is enabled by default. Therefore, database queries may be performed during view rendering. Explicitly configure spring.jpa.open-in-view to disable this warning
2026-07-26 22:40:40.074 [main] INFO  [TraceID: , SpanID: ]
                o.s.b.a.e.web.EndpointLinksResolver - Exposing 1 endpoint beneath base path '/actuator'
2026-07-26 22:40:40.791 [main] INFO  [TraceID: , SpanID: ]
                o.a.coyote.http11.Http11NioProtocol - Starting ProtocolHandler ["http-nio-8081"]
2026-07-26 22:40:40.820 [main] INFO  [TraceID: , SpanID: ]
                o.s.b.w.e.tomcat.TomcatWebServer - Tomcat started on port 8081 (http) with context path '/'
2026-07-26 22:40:40.836 [main] INFO  [TraceID: , SpanID: ]
                c.l.p.auth.AuthServiceApplication - Started AuthServiceApplication in 7.723 seconds (process running for 8.076)
2026-07-26 22:41:29.129 [http-nio-8081-exec-1] INFO  [TraceID: , SpanID: ]
                o.a.c.c.C.[Tomcat].[localhost].[/] - Initializing Spring DispatcherServlet 'dispatcherServlet'
2026-07-26 22:41:29.129 [http-nio-8081-exec-1] INFO  [TraceID: , SpanID: ]
                o.s.web.servlet.DispatcherServlet - Initializing Servlet 'dispatcherServlet'
2026-07-26 22:41:29.131 [http-nio-8081-exec-1] INFO  [TraceID: , SpanID: ]
                o.s.web.servlet.DispatcherServlet - Completed initialization in 2 ms
2026-07-26 22:41:29.198 [http-nio-8081-exec-1] INFO  [TraceID: 6a662aa939db40af0230f58da6c44c9f, SpanID: 1f4b6c7a41b51194]
                c.l.p.a.s.impl.AdminUserServiceImpl - RECEIVED ALL USERS REQUEST BY USERS bf84949f-28a5-47e7-8408-f09019b8ebb2
2026-07-26 22:41:29.251 [http-nio-8081-exec-1] DEBUG [TraceID: 6a662aa939db40af0230f58da6c44c9f, SpanID: 1f4b6c7a41b51194]
                org.hibernate.SQL - select r1_0.role_name from public.m_user mu1_0 join public.m_role r1_0 on r1_0.role_id=mu1_0.user_role_id where mu1_0.user_idf=? and r1_0.role_name='SUPERUSER'
2026-07-26 22:41:29.279 [http-nio-8081-exec-1] DEBUG [TraceID: 6a662aa939db40af0230f58da6c44c9f, SpanID: 1f4b6c7a41b51194]
                org.hibernate.SQL - select mu1_0.user_idf,mu1_0.user_full_name,mu1_0.user_email,mu1_0.user_phone_number,r1_0.role_name,mu1_0.user_employee_id,mu1_0.user_username,mu1_0.user_status,mu1_0.user_is_admin,mu1_0.user_created_at,ud1_0.user_detail_department_name,ud1_0.user_office_location from public.m_user mu1_0 join public.m_role r1_0 on r1_0.role_id=mu1_0.user_role_id join public.m_user_detail ud1_0 on ud1_0.user_detail_id=mu1_0.user_id where r1_0.role_name<>'SUPERUSER' order by mu1_0.user_created_at desc fetch first ? rows only
2026-07-26 22:41:29.288 [http-nio-8081-exec-1] INFO  [TraceID: 6a662aa939db40af0230f58da6c44c9f, SpanID: 1f4b6c7a41b51194]
                c.l.p.a.s.impl.AdminUserServiceImpl - SUCCESS GET ALL USERS DATA BY USERS bf84949f-28a5-47e7-8408-f09019b8ebb2
2026-07-26 22:44:11.718 [background-preinit] INFO  [TraceID: , SpanID: ]
                o.h.validator.internal.util.Version - HV000001: Hibernate Validator 8.0.2.Final
2026-07-26 22:44:11.765 [main] INFO  [TraceID: , SpanID: ]
                c.l.p.auth.AuthServiceApplication - Starting AuthServiceApplication using Java 21.0.9 with PID 28336 (C:\My-Portfolio\authentication\target\classes started by Asani in C:\My-Portfolio\authentication)
2026-07-26 22:44:11.765 [main] INFO  [TraceID: , SpanID: ]
                c.l.p.auth.AuthServiceApplication - No active profile set, falling back to 1 default profile: "default"
2026-07-26 22:44:12.843 [main] INFO  [TraceID: , SpanID: ]
                o.s.d.r.c.RepositoryConfigurationDelegate - Multiple Spring Data modules found, entering strict repository configuration mode
2026-07-26 22:44:12.845 [main] INFO  [TraceID: , SpanID: ]
                o.s.d.r.c.RepositoryConfigurationDelegate - Bootstrapping Spring Data JPA repositories in DEFAULT mode.
2026-07-26 22:44:12.983 [main] INFO  [TraceID: , SpanID: ]
                o.s.d.r.c.RepositoryConfigurationDelegate - Finished Spring Data repository scanning in 131 ms. Found 3 JPA repository interfaces.
2026-07-26 22:44:12.996 [main] INFO  [TraceID: , SpanID: ]
                o.s.d.r.c.RepositoryConfigurationDelegate - Multiple Spring Data modules found, entering strict repository configuration mode
2026-07-26 22:44:12.997 [main] INFO  [TraceID: , SpanID: ]
                o.s.d.r.c.RepositoryConfigurationDelegate - Bootstrapping Spring Data Redis repositories in DEFAULT mode.
2026-07-26 22:44:13.017 [main] INFO  [TraceID: , SpanID: ]
                o.s.d.r.c.RepositoryConfigurationExtensionSupport - Spring Data Redis - Could not safely identify store assignment for repository candidate interface com.laawe.purchasing.auth.repository.RoleRepository; If you want this repository to be a Redis repository, consider annotating your entities with one of these annotations: org.springframework.data.redis.core.RedisHash (preferred), or consider extending one of the following types with your repository: org.springframework.data.keyvalue.repository.KeyValueRepository
2026-07-26 22:44:13.017 [main] INFO  [TraceID: , SpanID: ]
                o.s.d.r.c.RepositoryConfigurationExtensionSupport - Spring Data Redis - Could not safely identify store assignment for repository candidate interface com.laawe.purchasing.auth.repository.UserDetailRepository; If you want this repository to be a Redis repository, consider annotating your entities with one of these annotations: org.springframework.data.redis.core.RedisHash (preferred), or consider extending one of the following types with your repository: org.springframework.data.keyvalue.repository.KeyValueRepository
2026-07-26 22:44:13.017 [main] INFO  [TraceID: , SpanID: ]
                o.s.d.r.c.RepositoryConfigurationExtensionSupport - Spring Data Redis - Could not safely identify store assignment for repository candidate interface com.laawe.purchasing.auth.repository.UserRepository; If you want this repository to be a Redis repository, consider annotating your entities with one of these annotations: org.springframework.data.redis.core.RedisHash (preferred), or consider extending one of the following types with your repository: org.springframework.data.keyvalue.repository.KeyValueRepository
2026-07-26 22:44:13.017 [main] INFO  [TraceID: , SpanID: ]
                o.s.d.r.c.RepositoryConfigurationDelegate - Finished Spring Data repository scanning in 11 ms. Found 0 Redis repository interfaces.
2026-07-26 22:44:13.687 [main] INFO  [TraceID: , SpanID: ]
                o.s.b.w.e.tomcat.TomcatWebServer - Tomcat initialized with port 8081 (http)
2026-07-26 22:44:13.700 [main] INFO  [TraceID: , SpanID: ]
                o.a.coyote.http11.Http11NioProtocol - Initializing ProtocolHandler ["http-nio-8081"]
2026-07-26 22:44:13.703 [main] INFO  [TraceID: , SpanID: ]
                o.a.catalina.core.StandardService - Starting service [Tomcat]
2026-07-26 22:44:13.703 [main] INFO  [TraceID: , SpanID: ]
                o.a.catalina.core.StandardEngine - Starting Servlet engine: [Apache Tomcat/10.1.36]
2026-07-26 22:44:13.781 [main] INFO  [TraceID: , SpanID: ]
                o.a.c.c.C.[Tomcat].[localhost].[/] - Initializing Spring embedded WebApplicationContext
2026-07-26 22:44:13.781 [main] INFO  [TraceID: , SpanID: ]
                o.s.b.w.s.c.ServletWebServerApplicationContext - Root WebApplicationContext: initialization completed in 1980 ms
2026-07-26 22:44:14.168 [main] INFO  [TraceID: , SpanID: ]
                o.h.jpa.internal.util.LogHelper - HHH000204: Processing PersistenceUnitInfo [name: default]
2026-07-26 22:44:14.209 [main] INFO  [TraceID: , SpanID: ]
                org.hibernate.Version - HHH000412: Hibernate ORM core version 6.6.8.Final
2026-07-26 22:44:14.236 [main] INFO  [TraceID: , SpanID: ]
                o.h.c.i.RegionFactoryInitiator - HHH000026: Second-level cache disabled
2026-07-26 22:44:14.458 [main] INFO  [TraceID: , SpanID: ]
                o.s.o.j.p.SpringPersistenceUnitInfo - No LoadTimeWeaver setup: ignoring JPA class transformer
2026-07-26 22:44:14.480 [main] INFO  [TraceID: , SpanID: ]
                com.zaxxer.hikari.HikariDataSource - HikariPool-1 - Starting...
2026-07-26 22:44:14.616 [main] INFO  [TraceID: , SpanID: ]
                com.zaxxer.hikari.pool.HikariPool - HikariPool-1 - Added connection org.postgresql.jdbc.PgConnection@6fd2acf5
2026-07-26 22:44:14.618 [main] INFO  [TraceID: , SpanID: ]
                com.zaxxer.hikari.HikariDataSource - HikariPool-1 - Start completed.
2026-07-26 22:44:14.674 [main] INFO  [TraceID: , SpanID: ]
                o.hibernate.orm.connections.pooling - HHH10001005: Database info:
	Database JDBC URL [Connecting through datasource 'HikariDataSource (HikariPool-1)']
	Database driver: undefined/unknown
	Database version: 16.14
	Autocommit mode: undefined/unknown
	Isolation level: undefined/unknown
	Minimum pool size: undefined/unknown
	Maximum pool size: undefined/unknown
2026-07-26 22:44:15.617 [main] INFO  [TraceID: , SpanID: ]
                o.h.e.t.j.p.i.JtaPlatformInitiator - HHH000489: No JTA platform available (set 'hibernate.transaction.jta.platform' to enable JTA platform integration)
2026-07-26 22:44:15.856 [main] INFO  [TraceID: , SpanID: ]
                o.s.o.j.LocalContainerEntityManagerFactoryBean - Initialized JPA EntityManagerFactory for persistence unit 'default'
2026-07-26 22:44:16.133 [main] INFO  [TraceID: , SpanID: ]
                o.s.d.j.r.query.QueryEnhancerFactory - Hibernate is in classpath; If applicable, HQL parser will be used.
2026-07-26 22:44:17.220 [main] WARN  [TraceID: , SpanID: ]
                o.s.b.a.o.j.JpaBaseConfiguration$JpaWebConfiguration - spring.jpa.open-in-view is enabled by default. Therefore, database queries may be performed during view rendering. Explicitly configure spring.jpa.open-in-view to disable this warning
2026-07-26 22:44:17.673 [main] INFO  [TraceID: , SpanID: ]
                o.s.b.a.e.web.EndpointLinksResolver - Exposing 1 endpoint beneath base path '/actuator'
2026-07-26 22:44:18.240 [main] INFO  [TraceID: , SpanID: ]
                o.a.coyote.http11.Http11NioProtocol - Starting ProtocolHandler ["http-nio-8081"]
2026-07-26 22:44:18.263 [main] INFO  [TraceID: , SpanID: ]
                o.s.b.w.e.tomcat.TomcatWebServer - Tomcat started on port 8081 (http) with context path '/'
2026-07-26 22:44:18.278 [main] INFO  [TraceID: , SpanID: ]
                c.l.p.auth.AuthServiceApplication - Started AuthServiceApplication in 7.127 seconds (process running for 7.569)
2026-07-26 22:44:23.891 [http-nio-8081-exec-1] INFO  [TraceID: , SpanID: ]
                o.a.c.c.C.[Tomcat].[localhost].[/] - Initializing Spring DispatcherServlet 'dispatcherServlet'
2026-07-26 22:44:23.891 [http-nio-8081-exec-1] INFO  [TraceID: , SpanID: ]
                o.s.web.servlet.DispatcherServlet - Initializing Servlet 'dispatcherServlet'
2026-07-26 22:44:23.895 [http-nio-8081-exec-1] INFO  [TraceID: , SpanID: ]
                o.s.web.servlet.DispatcherServlet - Completed initialization in 4 ms
2026-07-26 22:44:23.968 [http-nio-8081-exec-1] INFO  [TraceID: 6a662b572b8cce4128cf2360bcc9c114, SpanID: c12fad45def5adb1]
                c.l.p.a.s.impl.AdminUserServiceImpl - RECEIVED ALL USERS REQUEST BY USERS bf84949f-28a5-47e7-8408-f09019b8ebb2
2026-07-26 22:44:24.016 [http-nio-8081-exec-1] DEBUG [TraceID: 6a662b572b8cce4128cf2360bcc9c114, SpanID: c12fad45def5adb1]
                org.hibernate.SQL - select r1_0.role_name from public.m_user mu1_0 join public.m_role r1_0 on r1_0.role_id=mu1_0.user_role_id where mu1_0.user_idf=? and r1_0.role_name='SUPERUSER'
2026-07-26 22:44:24.044 [http-nio-8081-exec-1] DEBUG [TraceID: 6a662b572b8cce4128cf2360bcc9c114, SpanID: c12fad45def5adb1]
                org.hibernate.SQL - select mu1_0.user_idf,mu1_0.user_full_name,mu1_0.user_email,mu1_0.user_phone_number,r1_0.role_name,mu1_0.user_employee_id,mu1_0.user_username,mu1_0.user_status,mu1_0.user_is_admin,mu1_0.user_created_at,ud1_0.user_detail_department_name,ud1_0.user_office_location from public.m_user mu1_0 left join public.m_role r1_0 on r1_0.role_id=mu1_0.user_role_id left join public.m_user_detail ud1_0 on ud1_0.user_detail_id=mu1_0.user_id where r1_0.role_name is null or r1_0.role_name<>'SUPERUSER' order by mu1_0.user_created_at desc fetch first ? rows only
2026-07-26 22:44:24.054 [http-nio-8081-exec-1] INFO  [TraceID: 6a662b572b8cce4128cf2360bcc9c114, SpanID: c12fad45def5adb1]
                c.l.p.a.s.impl.AdminUserServiceImpl - SUCCESS GET ALL USERS DATA BY USERS bf84949f-28a5-47e7-8408-f09019b8ebb2
2026-07-26 22:46:49.899 [background-preinit] INFO  [TraceID: , SpanID: ]
                o.h.validator.internal.util.Version - HV000001: Hibernate Validator 8.0.2.Final
2026-07-26 22:46:49.954 [main] INFO  [TraceID: , SpanID: ]
                c.l.p.auth.AuthServiceApplication - Starting AuthServiceApplication using Java 21.0.9 with PID 25172 (C:\My-Portfolio\authentication\target\classes started by Asani in C:\My-Portfolio\authentication)
2026-07-26 22:46:49.955 [main] INFO  [TraceID: , SpanID: ]
                c.l.p.auth.AuthServiceApplication - No active profile set, falling back to 1 default profile: "default"
2026-07-26 22:46:51.215 [main] INFO  [TraceID: , SpanID: ]
                o.s.d.r.c.RepositoryConfigurationDelegate - Multiple Spring Data modules found, entering strict repository configuration mode
2026-07-26 22:46:51.216 [main] INFO  [TraceID: , SpanID: ]
                o.s.d.r.c.RepositoryConfigurationDelegate - Bootstrapping Spring Data JPA repositories in DEFAULT mode.
2026-07-26 22:46:51.376 [main] INFO  [TraceID: , SpanID: ]
                o.s.d.r.c.RepositoryConfigurationDelegate - Finished Spring Data repository scanning in 152 ms. Found 3 JPA repository interfaces.
2026-07-26 22:46:51.388 [main] INFO  [TraceID: , SpanID: ]
                o.s.d.r.c.RepositoryConfigurationDelegate - Multiple Spring Data modules found, entering strict repository configuration mode
2026-07-26 22:46:51.389 [main] INFO  [TraceID: , SpanID: ]
                o.s.d.r.c.RepositoryConfigurationDelegate - Bootstrapping Spring Data Redis repositories in DEFAULT mode.
2026-07-26 22:46:51.405 [main] INFO  [TraceID: , SpanID: ]
                o.s.d.r.c.RepositoryConfigurationExtensionSupport - Spring Data Redis - Could not safely identify store assignment for repository candidate interface com.laawe.purchasing.auth.repository.RoleRepository; If you want this repository to be a Redis repository, consider annotating your entities with one of these annotations: org.springframework.data.redis.core.RedisHash (preferred), or consider extending one of the following types with your repository: org.springframework.data.keyvalue.repository.KeyValueRepository
2026-07-26 22:46:51.406 [main] INFO  [TraceID: , SpanID: ]
                o.s.d.r.c.RepositoryConfigurationExtensionSupport - Spring Data Redis - Could not safely identify store assignment for repository candidate interface com.laawe.purchasing.auth.repository.UserDetailRepository; If you want this repository to be a Redis repository, consider annotating your entities with one of these annotations: org.springframework.data.redis.core.RedisHash (preferred), or consider extending one of the following types with your repository: org.springframework.data.keyvalue.repository.KeyValueRepository
2026-07-26 22:46:51.406 [main] INFO  [TraceID: , SpanID: ]
                o.s.d.r.c.RepositoryConfigurationExtensionSupport - Spring Data Redis - Could not safely identify store assignment for repository candidate interface com.laawe.purchasing.auth.repository.UserRepository; If you want this repository to be a Redis repository, consider annotating your entities with one of these annotations: org.springframework.data.redis.core.RedisHash (preferred), or consider extending one of the following types with your repository: org.springframework.data.keyvalue.repository.KeyValueRepository
2026-07-26 22:46:51.406 [main] INFO  [TraceID: , SpanID: ]
                o.s.d.r.c.RepositoryConfigurationDelegate - Finished Spring Data repository scanning in 7 ms. Found 0 Redis repository interfaces.
2026-07-26 22:46:52.215 [main] INFO  [TraceID: , SpanID: ]
                o.s.b.w.e.tomcat.TomcatWebServer - Tomcat initialized with port 8081 (http)
2026-07-26 22:46:52.227 [main] INFO  [TraceID: , SpanID: ]
                o.a.coyote.http11.Http11NioProtocol - Initializing ProtocolHandler ["http-nio-8081"]
2026-07-26 22:46:52.230 [main] INFO  [TraceID: , SpanID: ]
                o.a.catalina.core.StandardService - Starting service [Tomcat]
2026-07-26 22:46:52.230 [main] INFO  [TraceID: , SpanID: ]
                o.a.catalina.core.StandardEngine - Starting Servlet engine: [Apache Tomcat/10.1.36]
2026-07-26 22:46:52.298 [main] INFO  [TraceID: , SpanID: ]
                o.a.c.c.C.[Tomcat].[localhost].[/] - Initializing Spring embedded WebApplicationContext
2026-07-26 22:46:52.298 [main] INFO  [TraceID: , SpanID: ]
                o.s.b.w.s.c.ServletWebServerApplicationContext - Root WebApplicationContext: initialization completed in 2305 ms
2026-07-26 22:46:52.671 [main] INFO  [TraceID: , SpanID: ]
                o.h.jpa.internal.util.LogHelper - HHH000204: Processing PersistenceUnitInfo [name: default]
2026-07-26 22:46:52.713 [main] INFO  [TraceID: , SpanID: ]
                org.hibernate.Version - HHH000412: Hibernate ORM core version 6.6.8.Final
2026-07-26 22:46:52.738 [main] INFO  [TraceID: , SpanID: ]
                o.h.c.i.RegionFactoryInitiator - HHH000026: Second-level cache disabled
2026-07-26 22:46:53.033 [main] INFO  [TraceID: , SpanID: ]
                o.s.o.j.p.SpringPersistenceUnitInfo - No LoadTimeWeaver setup: ignoring JPA class transformer
2026-07-26 22:46:53.076 [main] INFO  [TraceID: , SpanID: ]
                com.zaxxer.hikari.HikariDataSource - HikariPool-1 - Starting...
2026-07-26 22:46:53.265 [main] INFO  [TraceID: , SpanID: ]
                com.zaxxer.hikari.pool.HikariPool - HikariPool-1 - Added connection org.postgresql.jdbc.PgConnection@2af3b054
2026-07-26 22:46:53.266 [main] INFO  [TraceID: , SpanID: ]
                com.zaxxer.hikari.HikariDataSource - HikariPool-1 - Start completed.
2026-07-26 22:46:53.340 [main] INFO  [TraceID: , SpanID: ]
                o.hibernate.orm.connections.pooling - HHH10001005: Database info:
	Database JDBC URL [Connecting through datasource 'HikariDataSource (HikariPool-1)']
	Database driver: undefined/unknown
	Database version: 16.14
	Autocommit mode: undefined/unknown
	Isolation level: undefined/unknown
	Minimum pool size: undefined/unknown
	Maximum pool size: undefined/unknown
2026-07-26 22:46:54.468 [main] INFO  [TraceID: , SpanID: ]
                o.h.e.t.j.p.i.JtaPlatformInitiator - HHH000489: No JTA platform available (set 'hibernate.transaction.jta.platform' to enable JTA platform integration)
2026-07-26 22:46:54.752 [main] INFO  [TraceID: , SpanID: ]
                o.s.o.j.LocalContainerEntityManagerFactoryBean - Initialized JPA EntityManagerFactory for persistence unit 'default'
2026-07-26 22:46:55.070 [main] INFO  [TraceID: , SpanID: ]
                o.s.d.j.r.query.QueryEnhancerFactory - Hibernate is in classpath; If applicable, HQL parser will be used.
2026-07-26 22:46:56.751 [main] WARN  [TraceID: , SpanID: ]
                o.s.b.a.o.j.JpaBaseConfiguration$JpaWebConfiguration - spring.jpa.open-in-view is enabled by default. Therefore, database queries may be performed during view rendering. Explicitly configure spring.jpa.open-in-view to disable this warning
2026-07-26 22:46:57.420 [main] INFO  [TraceID: , SpanID: ]
                o.s.b.a.e.web.EndpointLinksResolver - Exposing 1 endpoint beneath base path '/actuator'
2026-07-26 22:46:58.445 [main] INFO  [TraceID: , SpanID: ]
                o.a.coyote.http11.Http11NioProtocol - Starting ProtocolHandler ["http-nio-8081"]
2026-07-26 22:46:58.502 [main] INFO  [TraceID: , SpanID: ]
                o.s.b.w.e.tomcat.TomcatWebServer - Tomcat started on port 8081 (http) with context path '/'
2026-07-26 22:46:58.527 [main] INFO  [TraceID: , SpanID: ]
                c.l.p.auth.AuthServiceApplication - Started AuthServiceApplication in 9.232 seconds (process running for 9.708)
2026-07-26 22:47:25.152 [http-nio-8081-exec-1] INFO  [TraceID: , SpanID: ]
                o.a.c.c.C.[Tomcat].[localhost].[/] - Initializing Spring DispatcherServlet 'dispatcherServlet'
2026-07-26 22:47:25.152 [http-nio-8081-exec-1] INFO  [TraceID: , SpanID: ]
                o.s.web.servlet.DispatcherServlet - Initializing Servlet 'dispatcherServlet'
2026-07-26 22:47:25.154 [http-nio-8081-exec-1] INFO  [TraceID: , SpanID: ]
                o.s.web.servlet.DispatcherServlet - Completed initialization in 2 ms
2026-07-26 22:47:25.225 [http-nio-8081-exec-1] INFO  [TraceID: 6a662c0d93b67924fb9197b7e1ff0144, SpanID: 449f3de4300ce3c1]
                c.l.p.a.s.impl.AdminUserServiceImpl - RECEIVED ALL USERS REQUEST BY USERS bf84949f-28a5-47e7-8408-f09019b8ebb2
2026-07-26 22:47:25.280 [http-nio-8081-exec-1] DEBUG [TraceID: 6a662c0d93b67924fb9197b7e1ff0144, SpanID: 449f3de4300ce3c1]
                org.hibernate.SQL - select r1_0.role_name from public.m_user mu1_0 join public.m_role r1_0 on r1_0.role_id=mu1_0.user_role_id where mu1_0.user_idf=? and r1_0.role_name='SUPERUSER'
2026-07-26 22:47:25.312 [http-nio-8081-exec-1] DEBUG [TraceID: 6a662c0d93b67924fb9197b7e1ff0144, SpanID: 449f3de4300ce3c1]
                org.hibernate.SQL - select mu1_0.user_idf,mu1_0.user_full_name,mu1_0.user_email,mu1_0.user_phone_number,r1_0.role_name,mu1_0.user_employee_id,mu1_0.user_username,mu1_0.user_status,mu1_0.user_is_admin,mu1_0.user_created_at,ud1_0.user_detail_department_name,ud1_0.user_office_location from public.m_user mu1_0 left join public.m_role r1_0 on r1_0.role_id=mu1_0.user_role_id left join public.m_user_detail ud1_0 on ud1_0.user_detail_id=mu1_0.user_id where r1_0.role_name<>'SUPERUSER' order by mu1_0.user_created_at desc fetch first ? rows only
2026-07-26 22:47:25.320 [http-nio-8081-exec-1] INFO  [TraceID: 6a662c0d93b67924fb9197b7e1ff0144, SpanID: 449f3de4300ce3c1]
                c.l.p.a.s.impl.AdminUserServiceImpl - SUCCESS GET ALL USERS DATA BY USERS bf84949f-28a5-47e7-8408-f09019b8ebb2
2026-07-26 23:00:32.027 [background-preinit] INFO  [TraceID: , SpanID: ]
                o.h.validator.internal.util.Version - HV000001: Hibernate Validator 8.0.2.Final
2026-07-26 23:00:32.076 [main] INFO  [TraceID: , SpanID: ]
                c.l.p.auth.AuthServiceApplication - Starting AuthServiceApplication using Java 21.0.9 with PID 28700 (C:\My-Portfolio\authentication\target\classes started by Asani in C:\My-Portfolio\authentication)
2026-07-26 23:00:32.077 [main] INFO  [TraceID: , SpanID: ]
                c.l.p.auth.AuthServiceApplication - No active profile set, falling back to 1 default profile: "default"
2026-07-26 23:00:33.414 [main] INFO  [TraceID: , SpanID: ]
                o.s.d.r.c.RepositoryConfigurationDelegate - Multiple Spring Data modules found, entering strict repository configuration mode
2026-07-26 23:00:33.415 [main] INFO  [TraceID: , SpanID: ]
                o.s.d.r.c.RepositoryConfigurationDelegate - Bootstrapping Spring Data JPA repositories in DEFAULT mode.
2026-07-26 23:00:33.590 [main] INFO  [TraceID: , SpanID: ]
                o.s.d.r.c.RepositoryConfigurationDelegate - Finished Spring Data repository scanning in 163 ms. Found 3 JPA repository interfaces.
2026-07-26 23:00:33.607 [main] INFO  [TraceID: , SpanID: ]
                o.s.d.r.c.RepositoryConfigurationDelegate - Multiple Spring Data modules found, entering strict repository configuration mode
2026-07-26 23:00:33.608 [main] INFO  [TraceID: , SpanID: ]
                o.s.d.r.c.RepositoryConfigurationDelegate - Bootstrapping Spring Data Redis repositories in DEFAULT mode.
2026-07-26 23:00:33.633 [main] INFO  [TraceID: , SpanID: ]
                o.s.d.r.c.RepositoryConfigurationExtensionSupport - Spring Data Redis - Could not safely identify store assignment for repository candidate interface com.laawe.purchasing.auth.repository.RoleRepository; If you want this repository to be a Redis repository, consider annotating your entities with one of these annotations: org.springframework.data.redis.core.RedisHash (preferred), or consider extending one of the following types with your repository: org.springframework.data.keyvalue.repository.KeyValueRepository
2026-07-26 23:00:33.634 [main] INFO  [TraceID: , SpanID: ]
                o.s.d.r.c.RepositoryConfigurationExtensionSupport - Spring Data Redis - Could not safely identify store assignment for repository candidate interface com.laawe.purchasing.auth.repository.UserDetailRepository; If you want this repository to be a Redis repository, consider annotating your entities with one of these annotations: org.springframework.data.redis.core.RedisHash (preferred), or consider extending one of the following types with your repository: org.springframework.data.keyvalue.repository.KeyValueRepository
2026-07-26 23:00:33.634 [main] INFO  [TraceID: , SpanID: ]
                o.s.d.r.c.RepositoryConfigurationExtensionSupport - Spring Data Redis - Could not safely identify store assignment for repository candidate interface com.laawe.purchasing.auth.repository.UserRepository; If you want this repository to be a Redis repository, consider annotating your entities with one of these annotations: org.springframework.data.redis.core.RedisHash (preferred), or consider extending one of the following types with your repository: org.springframework.data.keyvalue.repository.KeyValueRepository
2026-07-26 23:00:33.634 [main] INFO  [TraceID: , SpanID: ]
                o.s.d.r.c.RepositoryConfigurationDelegate - Finished Spring Data repository scanning in 17 ms. Found 0 Redis repository interfaces.
2026-07-26 23:00:34.615 [main] INFO  [TraceID: , SpanID: ]
                o.s.b.w.e.tomcat.TomcatWebServer - Tomcat initialized with port 8081 (http)
2026-07-26 23:00:34.626 [main] INFO  [TraceID: , SpanID: ]
                o.a.coyote.http11.Http11NioProtocol - Initializing ProtocolHandler ["http-nio-8081"]
2026-07-26 23:00:34.628 [main] INFO  [TraceID: , SpanID: ]
                o.a.catalina.core.StandardService - Starting service [Tomcat]
2026-07-26 23:00:34.628 [main] INFO  [TraceID: , SpanID: ]
                o.a.catalina.core.StandardEngine - Starting Servlet engine: [Apache Tomcat/10.1.36]
2026-07-26 23:00:34.701 [main] INFO  [TraceID: , SpanID: ]
                o.a.c.c.C.[Tomcat].[localhost].[/] - Initializing Spring embedded WebApplicationContext
2026-07-26 23:00:34.701 [main] INFO  [TraceID: , SpanID: ]
                o.s.b.w.s.c.ServletWebServerApplicationContext - Root WebApplicationContext: initialization completed in 2587 ms
2026-07-26 23:00:35.075 [main] INFO  [TraceID: , SpanID: ]
                o.h.jpa.internal.util.LogHelper - HHH000204: Processing PersistenceUnitInfo [name: default]
2026-07-26 23:00:35.131 [main] INFO  [TraceID: , SpanID: ]
                org.hibernate.Version - HHH000412: Hibernate ORM core version 6.6.8.Final
2026-07-26 23:00:35.163 [main] INFO  [TraceID: , SpanID: ]
                o.h.c.i.RegionFactoryInitiator - HHH000026: Second-level cache disabled
2026-07-26 23:00:35.399 [main] INFO  [TraceID: , SpanID: ]
                o.s.o.j.p.SpringPersistenceUnitInfo - No LoadTimeWeaver setup: ignoring JPA class transformer
2026-07-26 23:00:35.442 [main] INFO  [TraceID: , SpanID: ]
                com.zaxxer.hikari.HikariDataSource - HikariPool-1 - Starting...
2026-07-26 23:00:35.635 [main] INFO  [TraceID: , SpanID: ]
                com.zaxxer.hikari.pool.HikariPool - HikariPool-1 - Added connection org.postgresql.jdbc.PgConnection@6fd2acf5
2026-07-26 23:00:35.637 [main] INFO  [TraceID: , SpanID: ]
                com.zaxxer.hikari.HikariDataSource - HikariPool-1 - Start completed.
2026-07-26 23:00:35.719 [main] INFO  [TraceID: , SpanID: ]
                o.hibernate.orm.connections.pooling - HHH10001005: Database info:
	Database JDBC URL [Connecting through datasource 'HikariDataSource (HikariPool-1)']
	Database driver: undefined/unknown
	Database version: 16.14
	Autocommit mode: undefined/unknown
	Isolation level: undefined/unknown
	Minimum pool size: undefined/unknown
	Maximum pool size: undefined/unknown
2026-07-26 23:00:36.652 [main] INFO  [TraceID: , SpanID: ]
                o.h.e.t.j.p.i.JtaPlatformInitiator - HHH000489: No JTA platform available (set 'hibernate.transaction.jta.platform' to enable JTA platform integration)
2026-07-26 23:00:36.941 [main] INFO  [TraceID: , SpanID: ]
                o.s.o.j.LocalContainerEntityManagerFactoryBean - Initialized JPA EntityManagerFactory for persistence unit 'default'
2026-07-26 23:00:37.251 [main] INFO  [TraceID: , SpanID: ]
                o.s.d.j.r.query.QueryEnhancerFactory - Hibernate is in classpath; If applicable, HQL parser will be used.
2026-07-26 23:00:38.499 [main] WARN  [TraceID: , SpanID: ]
                o.s.b.a.o.j.JpaBaseConfiguration$JpaWebConfiguration - spring.jpa.open-in-view is enabled by default. Therefore, database queries may be performed during view rendering. Explicitly configure spring.jpa.open-in-view to disable this warning
2026-07-26 23:00:38.930 [main] INFO  [TraceID: , SpanID: ]
                o.s.b.a.e.web.EndpointLinksResolver - Exposing 1 endpoint beneath base path '/actuator'
2026-07-26 23:00:39.644 [main] INFO  [TraceID: , SpanID: ]
                o.a.coyote.http11.Http11NioProtocol - Starting ProtocolHandler ["http-nio-8081"]
2026-07-26 23:00:39.679 [main] INFO  [TraceID: , SpanID: ]
                o.s.b.w.e.tomcat.TomcatWebServer - Tomcat started on port 8081 (http) with context path '/'
2026-07-26 23:00:39.693 [main] INFO  [TraceID: , SpanID: ]
                c.l.p.auth.AuthServiceApplication - Started AuthServiceApplication in 8.193 seconds (process running for 8.565)
2026-07-26 23:01:17.482 [http-nio-8081-exec-1] INFO  [TraceID: , SpanID: ]
                o.a.c.c.C.[Tomcat].[localhost].[/] - Initializing Spring DispatcherServlet 'dispatcherServlet'
2026-07-26 23:01:17.483 [http-nio-8081-exec-1] INFO  [TraceID: , SpanID: ]
                o.s.web.servlet.DispatcherServlet - Initializing Servlet 'dispatcherServlet'
2026-07-26 23:01:17.484 [http-nio-8081-exec-1] INFO  [TraceID: , SpanID: ]
                o.s.web.servlet.DispatcherServlet - Completed initialization in 1 ms
2026-07-26 23:01:17.547 [http-nio-8081-exec-1] INFO  [TraceID: 6a662f4d452eb1afc7d649f3e578ef31, SpanID: 985f8b25e06cda66]
                c.l.p.a.s.impl.AdminUserServiceImpl - RECEIVED ALL USERS REQUEST BY USERS bf84949f-28a5-47e7-8408-f09019b8ebb2
2026-07-26 23:01:17.597 [http-nio-8081-exec-1] DEBUG [TraceID: 6a662f4d452eb1afc7d649f3e578ef31, SpanID: 985f8b25e06cda66]
                org.hibernate.SQL - select r1_0.role_name from public.m_user mu1_0 join public.m_role r1_0 on r1_0.role_id=mu1_0.user_role_id where mu1_0.user_idf=? and r1_0.role_name='SUPERUSER'
2026-07-26 23:01:17.630 [http-nio-8081-exec-1] DEBUG [TraceID: 6a662f4d452eb1afc7d649f3e578ef31, SpanID: 985f8b25e06cda66]
                org.hibernate.SQL - select mu1_0.user_idf,mu1_0.user_full_name,mu1_0.user_email,mu1_0.user_phone_number,r1_0.role_name,mu1_0.user_employee_id,mu1_0.user_username,mu1_0.user_status,mu1_0.user_is_admin,mu1_0.user_created_at,ud1_0.user_detail_department_name,ud1_0.user_office_location from public.m_user mu1_0 left join public.m_role r1_0 on r1_0.role_id=mu1_0.user_role_id left join public.m_user_detail ud1_0 on mu1_0.user_id=ud1_0.user_id where r1_0.role_name<>'SUPERUSER' order by mu1_0.user_created_at desc fetch first ? rows only
2026-07-26 23:01:17.640 [http-nio-8081-exec-1] INFO  [TraceID: 6a662f4d452eb1afc7d649f3e578ef31, SpanID: 985f8b25e06cda66]
                c.l.p.a.s.impl.AdminUserServiceImpl - SUCCESS GET ALL USERS DATA BY USERS bf84949f-28a5-47e7-8408-f09019b8ebb2
2026-07-26 23:01:53.000 [http-nio-8081-exec-2] INFO  [TraceID: 6a662f7092848e26c1581444f65b69b3, SpanID: e4aafd2ecd201522]
                c.l.p.a.s.impl.AdminUserServiceImpl - RECEIVED ALL USERS REQUEST BY USERS bf84949f-28a5-47e7-8408-f09019b8ebb2
2026-07-26 23:01:53.002 [http-nio-8081-exec-2] DEBUG [TraceID: 6a662f7092848e26c1581444f65b69b3, SpanID: e4aafd2ecd201522]
                org.hibernate.SQL - select r1_0.role_name from public.m_user mu1_0 join public.m_role r1_0 on r1_0.role_id=mu1_0.user_role_id where mu1_0.user_idf=? and r1_0.role_name='SUPERUSER'
2026-07-26 23:01:53.007 [http-nio-8081-exec-2] DEBUG [TraceID: 6a662f7092848e26c1581444f65b69b3, SpanID: e4aafd2ecd201522]
                org.hibernate.SQL - select mu1_0.user_idf,mu1_0.user_full_name,mu1_0.user_email,mu1_0.user_phone_number,r1_0.role_name,mu1_0.user_employee_id,mu1_0.user_username,mu1_0.user_status,mu1_0.user_is_admin,mu1_0.user_created_at,ud1_0.user_detail_department_name,ud1_0.user_office_location from public.m_user mu1_0 left join public.m_role r1_0 on r1_0.role_id=mu1_0.user_role_id left join public.m_user_detail ud1_0 on mu1_0.user_id=ud1_0.user_id where r1_0.role_name<>'SUPERUSER' order by mu1_0.user_created_at desc fetch first ? rows only
2026-07-26 23:01:53.010 [http-nio-8081-exec-2] INFO  [TraceID: 6a662f7092848e26c1581444f65b69b3, SpanID: e4aafd2ecd201522]
                c.l.p.a.s.impl.AdminUserServiceImpl - SUCCESS GET ALL USERS DATA BY USERS bf84949f-28a5-47e7-8408-f09019b8ebb2
2026-07-26 23:05:29.109 [background-preinit] INFO  [TraceID: , SpanID: ]
                o.h.validator.internal.util.Version - HV000001: Hibernate Validator 8.0.2.Final
2026-07-26 23:05:29.153 [main] INFO  [TraceID: , SpanID: ]
                c.l.p.auth.AuthServiceApplication - Starting AuthServiceApplication using Java 21.0.9 with PID 23056 (C:\My-Portfolio\authentication\target\classes started by Asani in C:\My-Portfolio\authentication)
2026-07-26 23:05:29.153 [main] INFO  [TraceID: , SpanID: ]
                c.l.p.auth.AuthServiceApplication - No active profile set, falling back to 1 default profile: "default"
2026-07-26 23:05:30.397 [main] INFO  [TraceID: , SpanID: ]
                o.s.d.r.c.RepositoryConfigurationDelegate - Multiple Spring Data modules found, entering strict repository configuration mode
2026-07-26 23:05:30.399 [main] INFO  [TraceID: , SpanID: ]
                o.s.d.r.c.RepositoryConfigurationDelegate - Bootstrapping Spring Data JPA repositories in DEFAULT mode.
2026-07-26 23:05:30.562 [main] INFO  [TraceID: , SpanID: ]
                o.s.d.r.c.RepositoryConfigurationDelegate - Finished Spring Data repository scanning in 154 ms. Found 3 JPA repository interfaces.
2026-07-26 23:05:30.576 [main] INFO  [TraceID: , SpanID: ]
                o.s.d.r.c.RepositoryConfigurationDelegate - Multiple Spring Data modules found, entering strict repository configuration mode
2026-07-26 23:05:30.578 [main] INFO  [TraceID: , SpanID: ]
                o.s.d.r.c.RepositoryConfigurationDelegate - Bootstrapping Spring Data Redis repositories in DEFAULT mode.
2026-07-26 23:05:30.596 [main] INFO  [TraceID: , SpanID: ]
                o.s.d.r.c.RepositoryConfigurationExtensionSupport - Spring Data Redis - Could not safely identify store assignment for repository candidate interface com.laawe.purchasing.auth.repository.RoleRepository; If you want this repository to be a Redis repository, consider annotating your entities with one of these annotations: org.springframework.data.redis.core.RedisHash (preferred), or consider extending one of the following types with your repository: org.springframework.data.keyvalue.repository.KeyValueRepository
2026-07-26 23:05:30.596 [main] INFO  [TraceID: , SpanID: ]
                o.s.d.r.c.RepositoryConfigurationExtensionSupport - Spring Data Redis - Could not safely identify store assignment for repository candidate interface com.laawe.purchasing.auth.repository.UserDetailRepository; If you want this repository to be a Redis repository, consider annotating your entities with one of these annotations: org.springframework.data.redis.core.RedisHash (preferred), or consider extending one of the following types with your repository: org.springframework.data.keyvalue.repository.KeyValueRepository
2026-07-26 23:05:30.596 [main] INFO  [TraceID: , SpanID: ]
                o.s.d.r.c.RepositoryConfigurationExtensionSupport - Spring Data Redis - Could not safely identify store assignment for repository candidate interface com.laawe.purchasing.auth.repository.UserRepository; If you want this repository to be a Redis repository, consider annotating your entities with one of these annotations: org.springframework.data.redis.core.RedisHash (preferred), or consider extending one of the following types with your repository: org.springframework.data.keyvalue.repository.KeyValueRepository
2026-07-26 23:05:30.596 [main] INFO  [TraceID: , SpanID: ]
                o.s.d.r.c.RepositoryConfigurationDelegate - Finished Spring Data repository scanning in 10 ms. Found 0 Redis repository interfaces.
2026-07-26 23:05:31.326 [main] INFO  [TraceID: , SpanID: ]
                o.s.b.w.e.tomcat.TomcatWebServer - Tomcat initialized with port 8081 (http)
2026-07-26 23:05:31.337 [main] INFO  [TraceID: , SpanID: ]
                o.a.coyote.http11.Http11NioProtocol - Initializing ProtocolHandler ["http-nio-8081"]
2026-07-26 23:05:31.339 [main] INFO  [TraceID: , SpanID: ]
                o.a.catalina.core.StandardService - Starting service [Tomcat]
2026-07-26 23:05:31.340 [main] INFO  [TraceID: , SpanID: ]
                o.a.catalina.core.StandardEngine - Starting Servlet engine: [Apache Tomcat/10.1.36]
2026-07-26 23:05:31.405 [main] INFO  [TraceID: , SpanID: ]
                o.a.c.c.C.[Tomcat].[localhost].[/] - Initializing Spring embedded WebApplicationContext
2026-07-26 23:05:31.406 [main] INFO  [TraceID: , SpanID: ]
                o.s.b.w.s.c.ServletWebServerApplicationContext - Root WebApplicationContext: initialization completed in 2221 ms
2026-07-26 23:05:31.747 [main] INFO  [TraceID: , SpanID: ]
                o.h.jpa.internal.util.LogHelper - HHH000204: Processing PersistenceUnitInfo [name: default]
2026-07-26 23:05:31.784 [main] INFO  [TraceID: , SpanID: ]
                org.hibernate.Version - HHH000412: Hibernate ORM core version 6.6.8.Final
2026-07-26 23:05:31.808 [main] INFO  [TraceID: , SpanID: ]
                o.h.c.i.RegionFactoryInitiator - HHH000026: Second-level cache disabled
2026-07-26 23:05:32.009 [main] INFO  [TraceID: , SpanID: ]
                o.s.o.j.p.SpringPersistenceUnitInfo - No LoadTimeWeaver setup: ignoring JPA class transformer
2026-07-26 23:05:32.031 [main] INFO  [TraceID: , SpanID: ]
                com.zaxxer.hikari.HikariDataSource - HikariPool-1 - Starting...
2026-07-26 23:05:32.172 [main] INFO  [TraceID: , SpanID: ]
                com.zaxxer.hikari.pool.HikariPool - HikariPool-1 - Added connection org.postgresql.jdbc.PgConnection@3bf4644c
2026-07-26 23:05:32.173 [main] INFO  [TraceID: , SpanID: ]
                com.zaxxer.hikari.HikariDataSource - HikariPool-1 - Start completed.
2026-07-26 23:05:32.229 [main] INFO  [TraceID: , SpanID: ]
                o.hibernate.orm.connections.pooling - HHH10001005: Database info:
	Database JDBC URL [Connecting through datasource 'HikariDataSource (HikariPool-1)']
	Database driver: undefined/unknown
	Database version: 16.14
	Autocommit mode: undefined/unknown
	Isolation level: undefined/unknown
	Minimum pool size: undefined/unknown
	Maximum pool size: undefined/unknown
2026-07-26 23:05:33.157 [main] INFO  [TraceID: , SpanID: ]
                o.h.e.t.j.p.i.JtaPlatformInitiator - HHH000489: No JTA platform available (set 'hibernate.transaction.jta.platform' to enable JTA platform integration)
2026-07-26 23:05:33.387 [main] INFO  [TraceID: , SpanID: ]
                o.s.o.j.LocalContainerEntityManagerFactoryBean - Initialized JPA EntityManagerFactory for persistence unit 'default'
2026-07-26 23:05:33.644 [main] INFO  [TraceID: , SpanID: ]
                o.s.d.j.r.query.QueryEnhancerFactory - Hibernate is in classpath; If applicable, HQL parser will be used.
2026-07-26 23:05:34.737 [main] WARN  [TraceID: , SpanID: ]
                o.s.b.a.o.j.JpaBaseConfiguration$JpaWebConfiguration - spring.jpa.open-in-view is enabled by default. Therefore, database queries may be performed during view rendering. Explicitly configure spring.jpa.open-in-view to disable this warning
2026-07-26 23:05:35.148 [main] INFO  [TraceID: , SpanID: ]
                o.s.b.a.e.web.EndpointLinksResolver - Exposing 1 endpoint beneath base path '/actuator'
2026-07-26 23:05:35.666 [main] INFO  [TraceID: , SpanID: ]
                o.a.coyote.http11.Http11NioProtocol - Starting ProtocolHandler ["http-nio-8081"]
2026-07-26 23:05:35.686 [main] INFO  [TraceID: , SpanID: ]
                o.s.b.w.e.tomcat.TomcatWebServer - Tomcat started on port 8081 (http) with context path '/'
2026-07-26 23:05:35.699 [main] INFO  [TraceID: , SpanID: ]
                c.l.p.auth.AuthServiceApplication - Started AuthServiceApplication in 7.089 seconds (process running for 7.456)
2026-07-26 23:05:39.709 [http-nio-8081-exec-1] INFO  [TraceID: , SpanID: ]
                o.a.c.c.C.[Tomcat].[localhost].[/] - Initializing Spring DispatcherServlet 'dispatcherServlet'
2026-07-26 23:05:39.710 [http-nio-8081-exec-1] INFO  [TraceID: , SpanID: ]
                o.s.web.servlet.DispatcherServlet - Initializing Servlet 'dispatcherServlet'
2026-07-26 23:05:39.711 [http-nio-8081-exec-1] INFO  [TraceID: , SpanID: ]
                o.s.web.servlet.DispatcherServlet - Completed initialization in 1 ms
2026-07-26 23:05:39.776 [http-nio-8081-exec-1] INFO  [TraceID: 6a6630537bfb68da00226d7eb8dc9eea, SpanID: f23c1dd2e0ae2554]
                c.l.p.a.s.impl.AdminUserServiceImpl - RECEIVED ALL USERS REQUEST BY USERS bf84949f-28a5-47e7-8408-f09019b8ebb2
2026-07-26 23:05:39.833 [http-nio-8081-exec-1] DEBUG [TraceID: 6a6630537bfb68da00226d7eb8dc9eea, SpanID: f23c1dd2e0ae2554]
                org.hibernate.SQL - select r1_0.role_name from public.m_user mu1_0 join public.m_role r1_0 on r1_0.role_id=mu1_0.user_role_id where mu1_0.user_idf=? and r1_0.role_name='SUPERUSER'
2026-07-26 23:05:39.871 [http-nio-8081-exec-1] DEBUG [TraceID: 6a6630537bfb68da00226d7eb8dc9eea, SpanID: f23c1dd2e0ae2554]
                org.hibernate.SQL - select mu1_0.user_idf,mu1_0.user_full_name,mu1_0.user_email,mu1_0.user_phone_number,r1_0.role_name,mu1_0.user_employee_id,mu1_0.user_username,mu1_0.user_status,mu1_0.user_is_admin,mu1_0.user_created_at,ud1_0.user_detail_department_name,ud1_0.user_office_location from public.m_user mu1_0 left join public.m_role r1_0 on r1_0.role_id=mu1_0.user_role_id left join public.m_user_detail ud1_0 on mu1_0.user_id=ud1_0.user_id where r1_0.role_name<>'SUPERUSER' order by mu1_0.user_created_at desc fetch first ? rows only
2026-07-26 23:05:39.883 [http-nio-8081-exec-1] INFO  [TraceID: 6a6630537bfb68da00226d7eb8dc9eea, SpanID: f23c1dd2e0ae2554]
                c.l.p.a.s.impl.AdminUserServiceImpl - SUCCESS GET ALL USERS DATA BY USERS bf84949f-28a5-47e7-8408-f09019b8ebb2
